{"stat.mineBlock.sky_orchards.log_coal":10,"stat.pickup.minecraft.bone":17,"stat.craftItem.sky_orchards.sapling_cottonwood":2,"stat.craftItem.sky_orchards.sapling_sand":2,"stat.pickup.minecraft.wooden_slab":719,"stat.leaveGame":3,"stat.mineBlock.sky_orchards.leaves_gravel":20,"stat.pickup.minecraft.flint":26,"stat.killEntity.Human":10,"stat.craftItem.tconstruct.faucet":1,"stat.pickup.sky_orchards.resin_dirt":227,"stat.pickup.pickletweaks.coal_piece":3,"stat.entityKilledBy.Human":1,"stat.craftItem.sky_orchards.amber_iron":2,"stat.swimOneCm":19,"stat.mineBlock.sky_orchards.log_dirt":147,"stat.useItem.sky_orchards.sapling_bone":13,"stat.useItem.minecraft.dirt":15,"stat.useItem.minecraft.stone_slab2":50,"stat.entityKilledBy.ranged_rogue_android":1,"stat.pickup.sky_orchards.resin_cottonwood":13,"stat.drop.sky_orchards.sapling_petrified":1,"stat.pickup.minecraft.rotten_flesh":16,"stat.craftItem.minecraft.furnace":1,"stat.entityKilledBy.Spider":1,"stat.pickup.sky_orchards.sapling_dirt":122,"stat.craftItem.minecraft.stone_axe":6,"stat.craftItem.extendedcrafting.handheld_table":1,"stat.mineBlock.sky_orchards.leaves_dirt":418,"stat.mineBlock.minecraft.wooden_slab":37,"stat.craftItem.tconstruct.casting":2,"stat.craftItem.minecraft.stone_sword":1,"stat.flyOneCm":250055,"stat.mineBlock.sky_orchards.leaves_coal":2,"stat.pickup.sky_orchards.resin_coal":5,"stat.craftItem.minecraft.wooden_slab":1572,"stat.pickup.sky_orchards.resin_petrified":185,"stat.pickup.sky_orchards.sapling_petrified":60,"stat.timeSinceDeath":26235,"stat.mineBlock.sky_orchards.leaves_cottonwood":1,"stat.useItem.minecraft.wooden_slab":4653,"stat.useItem.tconstruct.channel":1,"stat.pickup.minecraft.wooden_axe":4,"stat.mineBlock.minecraft.vine":1,"stat.pickup.tconstruct.soil":36,"stat.furnaceInteraction":15,"stat.drop.minecraft.dirt":1,"stat.useItem.sky_orchards.sapling_clay":5,"stat.pickup.minecraft.wooden_sword":1,"stat.pickup.minecraft.string":9,"stat.pickup.sky_orchards.acorn_coal":7,"stat.mineBlock.sky_orchards.leaves_clay":90,"stat.entityKilledBy.Skeleton":4,"stat.pickup.sky_orchards.sapling_cottonwood":3,"stat.craftItem.minecraft.stone_slab2":0,"stat.useItem.sky_orchards.sapling_petrified":15,"stat.pickup.sky_orchards.acorn_dirt":118,"stat.sprintOneCm":359989,"stat.pickup.sky_orchards.sapling_coal":4,"stat.craftItem.minecraft.wooden_axe":5,"stat.craftItem.minecraft.stick":24,"stat.useItem.carryon.tile_item":9,"stat.mineBlock.sky_orchards.leaves_petrified":136,"stat.craftItem.minecraft.sand":6,"stat.mineBlock.sky_orchards.log_tin":5,"stat.pickup.inspirations.wooden_crook":2,"stat.deaths":27,"stat.drop":10,"stat.playOneMinute":402434,"stat.drop.sky_orchards.sapling_tin":1,"stat.killEntity.Zombie":9,"stat.killEntity.thermalfoundation.blitz":3,"stat.useItem.sky_orchards.sapling_sand":6,"stat.chestOpened":272,"stat.entityKilledBy.thermalfoundation.blitz":2,"stat.pickup.sky_orchards.acorn_cottonwood":7,"stat.mineBlock.sky_orchards.leaves_bone":79,"stat.pickup.minecraft.gravel":3,"stat.pickup.minecraft.arrow":5,"stat.pickup.minecraft.stone_axe":2,"stat.pickup.sky_orchards.acorn_petrified":102,"stat.useItem.inspirations.wooden_crook":697,"stat.pickup.sky_orchards.resin_sand":40,"stat.craftItem.sky_orchards.sapling_coal":1,"stat.pickup.sky_orchards.resin_clay":51,"stat.jump":1351,"stat.useItem.sky_orchards.sapling_gravel":11,"stat.pickup.sky_orchards.acorn_tin":4,"stat.fallOneCm":797209,"stat.useItem.minecraft.stone_axe":392,"stat.pickup.inspirations.dyed_bottle":1,"stat.mineBlock.slabmachines.chest_slab":2,"stat.crouchOneCm":169744,"stat.pickup.minecraft.spider_eye":1,"stat.mineBlock.sky_orchards.log_sand":27,"stat.craftItem.minecraft.chest":12,"stat.craftItem.minecraft.iron_ingot":1,"stat.pickup.rustic.grape_stem":3,"stat.pickup.minecraft.dirt":25,"stat.useItem.sky_orchards.sapling_tin":1,"stat.mineBlock.sky_orchards.leaves_sand":4,"stat.pickup.sky_orchards.resin_bone":105,"stat.pickup.sky_orchards.sapling_sand":9,"stat.useItem.minecraft.sapling":4,"stat.craftItem.tcomplement.melter":4,"stat.craftItem.minecraft.flint_and_steel":1,"stat.pickup.sky_orchards.sapling_tin":2,"stat.pickup.sky_orchards.resin_tin":6,"stat.damageTaken":8143,"stat.craftItem.tconstruct.materials":36,"stat.pickup.minecraft.dye":60,"stat.pickup.mysticalagriculture.crafting":2,"stat.entityKilledBy.ZombieVillager":1,"stat.craftItem.tconstruct.seared_tank":1,"stat.pickup.sky_orchards.sapling_clay":22,"stat.useItem.minecraft.stone_sword":84,"stat.damageDealt":8992,"stat.mineBlock.sky_orchards.log_bone":41,"stat.craftItem.minecraft.glass":2,"stat.pickup.pickletweaks.dye_powder":3,"stat.sleepInBed":3,"stat.mineBlock.minecraft.dirt":4,"stat.craftItem.minecraft.gravel":2,"stat.craftItem.sky_orchards.amber_tin":1,"stat.pickup.sky_orchards.acorn_bone":69,"stat.walkOneCm":838250,"stat.useItem.slabmachines.chest_slab":1,"stat.craftItem.tconstruct.channel":6,"stat.playerKills":3,"stat.useItem.minecraft.chest":1,"stat.mineBlock.sky_orchards.sapling_dirt":3,"stat.pickup.minecraft.stick":2,"stat.pickup.sky_orchards.sapling_bone":29,"stat.craftItem.minecraft.crafting_table":1,"stat.craftItem.inspirations.wooden_crook":7,"stat.pickup.sky_orchards.acorn_clay":23,"stat.craftItem.slabmachines.chest_slab":2,"stat.pickup.minecraft.log":531,"stat.drop.sky_orchards.acorn_gravel":2,"stat.mineBlock.sky_orchards.log_gravel":55,"stat.drop.inspirations.wooden_crook":1,"stat.pickup.sky_orchards.resin_gravel":108,"stat.pickup.sky_orchards.acorn_gravel":65,"stat.pickup.sky_orchards.acorn_sand":41,"stat.pickup.minecraft.sapling":2,"stat.pickup.sky_orchards.sapling_gravel":25,"stat.killEntity.Skeleton":7,"stat.mineBlock.sky_orchards.sapling_gravel":1,"stat.craftItem.minecraft.planks":916,"stat.entityKilledBy.rogue_android":3,"stat.killEntity.rogue_android":1,"stat.craftItem.minecraft.dirt":3,"stat.killEntity.Spider":6,"stat.mobKills":39,"stat.pickup.slabmachines.chest_slab":2,"stat.mineBlock.minecraft.log":94,"stat.mineBlock.sky_orchards.log_clay":34,"stat.mineBlock.minecraft.leaves":23,"stat.useItem.sky_orchards.sapling_coal":3,"stat.sneakTime":38267,"stat.mineBlock.sky_orchards.log_cottonwood":10,"stat.drop.minecraft.stone_axe":3,"stat.useItem.minecraft.wooden_axe":279,"stat.craftItem.minecraft.cobblestone":26,"stat.useItem.sky_orchards.sapling_dirt":13,"stat.mineBlock.sky_orchards.log_petrified":124,"stat.drop.minecraft.wooden_axe":1}