{"stat.mineBlock.sky_orchards.log_coal":22,"stat.pickup.minecraft.wooden_slab":571,"stat.useItem.sky_orchards.sapling_cottonwood":2,"stat.leaveGame":4,"stat.pickup.tconstruct.edible":2,"stat.useItem.minecraft.planks":17,"stat.mineBlock.sky_orchards.leaves_tin":3,"stat.craftItem.sky_orchards.sapling_petrified":1,"stat.mineBlock.sky_orchards.log_dirt":180,"stat.pickup.sky_orchards.resin_cottonwood":17,"stat.drop.sky_orchards.sapling_petrified":1,"stat.pickup.minecraft.rotten_flesh":12,"stat.craftItem.sky_orchards.amber_clay":10,"stat.craftItem.sky_orchards.sapling_gravel":1,"stat.pickup.sky_orchards.sapling_dirt":508,"stat.craftItem.minecraft.stone_axe":6,"stat.mineBlock.minecraft.wooden_slab":47,"stat.pickup.sky_orchards.resin_petrified":199,"stat.craftItem.minecraft.bed":1,"stat.furnaceInteraction":9,"stat.killEntity.ZombieVillager":1,"stat.craftItem.sky_orchards.acorn_dirt":1,"stat.pickup.sky_orchards.acorn_coal":29,"stat.pickup.sky_orchards.acorn_dirt":341,"stat.pickup.sky_orchards.sapling_coal":20,"stat.pickup.minecraft.skull":2,"stat.craftItem.minecraft.sand":6,"stat.mineBlock.sky_orchards.log_tin":14,"stat.deaths":18,"stat.playOneMinute":446525,"stat.pickup.tconstruct.rack":11,"stat.useItem.sky_orchards.acorn_dirt":2,"stat.useItem.sky_orchards.sapling_sand":3,"stat.chestOpened":562,"stat.entityKilledBy.thermalfoundation.blitz":2,"stat.craftItem.minecraft.sign":12,"stat.pickup.minecraft.arrow":7,"stat.pickup.sky_orchards.acorn_petrified":132,"stat.useItem.inspirations.wooden_crook":123,"stat.pickup.sky_orchards.resin_sand":71,"stat.craftItem.minecraft.coal":10,"stat.useItem.sky_orchards.sapling_gravel":17,"stat.fallOneCm":677283,"stat.mineBlock.slabmachines.chest_slab":6,"stat.crouchOneCm":137848,"stat.mineBlock.minecraft.chest":4,"stat.craftItem.minecraft.chest":14,"stat.pickup.rustic.grape_stem":4,"stat.mineBlock.sky_orchards.leaves_sand":43,"stat.pickup.sky_orchards.sapling_sand":16,"stat.mineBlock.tconstruct.rack":11,"stat.pickup.sky_orchards.sapling_tin":10,"stat.pickup.sky_orchards.resin_tin":22,"stat.craftItem.minecraft.wooden_sword":2,"stat.pickup.minecraft.dye":22,"stat.pickup.minecraft.planks":57,"stat.mineBlock.minecraft.gravel":6,"stat.mineBlock.sky_orchards.sapling_petrified":2,"stat.useItem.minecraft.stone_pickaxe":12,"stat.mineBlock.sky_orchards.log_bone":49,"stat.mineBlock.minecraft.dirt":25,"stat.craftItem.sky_orchards.amber_tin":16,"stat.useItem.minecraft.torch":8,"stat.mineBlock.sky_orchards.sapling_dirt":3,"stat.useItem.minecraft.log":1,"stat.useItem.minecraft.cobblestone":1,"stat.craftItem.minecraft.crafting_table":1,"stat.useItem.minecraft.gravel":20,"stat.craftItem.ceramics.clay_bucket":1,"stat.mineBlock.sky_orchards.sapling_clay":1,"stat.pickup.minecraft.log":731,"stat.pickup.sky_orchards.resin_gravel":262,"stat.pickup.sky_orchards.acorn_sand":34,"stat.pickup.sky_orchards.amber_tin":16,"stat.pickup.minecraft.sapling":22,"stat.useItem.xlfoodmod.donut":2,"stat.mineBlock.sky_orchards.sapling_gravel":3,"stat.craftItem.minecraft.planks":1632,"stat.killEntity.rogue_android":3,"stat.craftItem.minecraft.dirt":56,"stat.pickup.morecauldrons.oak_cauldron":2,"stat.mineBlock.minecraft.log":34,"stat.mineBlock.sky_orchards.log_clay":35,"stat.useItem.sky_orchards.sapling_coal":2,"stat.sneakTime":43197,"stat.mineBlock.sky_orchards.log_cottonwood":12,"stat.useItem.minecraft.wooden_axe":282,"stat.craftItem.minecraft.cobblestone":20,"stat.useItem.sky_orchards.sapling_dirt":38,"stat.drop.minecraft.wooden_axe":4,"stat.pickup.minecraft.chest":8,"stat.pickup.minecraft.bone":4,"stat.craftItem.ceramics.unfired_clay":1,"stat.mineBlock.minecraft.cobblestone":1,"stat.mineBlock.sky_orchards.leaves_gravel":156,"stat.pickup.minecraft.flint":29,"stat.killEntity.Human":4,"stat.pickup.sky_orchards.resin_dirt":486,"stat.craftItem.minecraft.wool":3,"stat.pickup.pickletweaks.coal_piece":9,"stat.swimOneCm":5795,"stat.mineBlock.morecauldrons.oak_cauldron":2,"stat.craftItem.inspirations.stone_crook":2,"stat.useItem.sky_orchards.sapling_bone":4,"stat.useItem.minecraft.dirt":45,"stat.useItem.minecraft.stone_slab2":158,"stat.craftItem.minecraft.furnace":1,"stat.craftItem.sky_orchards.sapling_bone":1,"stat.craftItem.minecraft.stone_pickaxe":1,"stat.mineBlock.sky_orchards.leaves_dirt":94,"stat.pickup.minecraft.cobblestone":7,"stat.flyOneCm":107242,"stat.mineBlock.sky_orchards.leaves_coal":101,"stat.pickup.sky_orchards.resin_coal":46,"stat.craftItem.minecraft.wooden_slab":2016,"stat.pickup.sky_orchards.sapling_petrified":112,"stat.timeSinceDeath":2433,"stat.mineBlock.sky_orchards.leaves_cottonwood":97,"stat.useItem.minecraft.sign":12,"stat.useItem.minecraft.wooden_slab":1870,"stat.killEntity.ranged_rogue_android":1,"stat.pickup.minecraft.wooden_axe":1,"stat.drop.minecraft.dirt":2,"stat.useItem.sky_orchards.sapling_clay":6,"stat.useItem.tconstruct.rack":4,"stat.killEntity.Creeper":3,"stat.craftItem.tconstruct.soil":36,"stat.pickup.minecraft.string":22,"stat.mineBlock.sky_orchards.leaves_clay":56,"stat.entityKilledBy.Skeleton":2,"stat.craftItem.minecraft.stone_slab2":0,"stat.pickup.sky_orchards.sapling_cottonwood":14,"stat.craftItem.tconstruct.stone_stick":4,"stat.useItem.sky_orchards.sapling_petrified":19,"stat.craftItem.tconstruct.tooltables":1,"stat.sprintOneCm":572632,"stat.craftItem.minecraft.stick":44,"stat.craftItem.minecraft.wooden_axe":8,"stat.useItem.carryon.tile_item":2,"stat.mineBlock.sky_orchards.leaves_petrified":67,"stat.pickup.inspirations.wooden_crook":2,"stat.craftItem.minecraft.clay_ball":40,"stat.mineBlock.minecraft.planks":1,"stat.drop":14,"stat.useItem.minecraft.wooden_sword":129,"stat.craftItem.sky_orchards.sapling_clay":2,"stat.killEntity.Zombie":1,"stat.useItem.inspirations.stone_crook":256,"stat.pickup.tconstruct.tooltables":1,"stat.pickup.sky_orchards.acorn_cottonwood":27,"stat.pickup.minecraft.sign":6,"stat.mineBlock.sky_orchards.leaves_bone":53,"stat.pickup.minecraft.gravel":5,"stat.pickup.minecraft.stone_axe":4,"stat.pickup.sky_orchards.resin_clay":89,"stat.jump":619,"stat.pickup.sky_orchards.acorn_tin":21,"stat.craftItem.tconstruct.rack":4,"stat.useItem.minecraft.stone_axe":401,"stat.pickup.minecraft.gunpowder":4,"stat.drop.minecraft.wooden_sword":2,"stat.pickup.minecraft.spider_eye":6,"stat.mineBlock.sky_orchards.log_sand":24,"stat.craftItem.minecraft.torch":8,"stat.pickup.minecraft.dirt":25,"stat.useItem.sky_orchards.sapling_tin":2,"stat.pickup.sky_orchards.resin_bone":155,"stat.useItem.minecraft.sapling":4,"stat.drop.inspirations.stone_crook":1,"stat.mineBlock.tconstruct.tooltables":1,"stat.damageTaken":5024,"stat.mineBlock.minecraft.torch":9,"stat.pickup.mysticalagriculture.crafting":3,"stat.entityKilledBy.Zombie":1,"stat.pickup.sky_orchards.sapling_clay":78,"stat.pickup.statues.blockplayerstatue":4,"stat.killEntity.bouncy_creepers.bouncy_creeper":1,"stat.damageDealt":6178,"stat.sleepInBed":5,"stat.craftItem.minecraft.gravel":28,"stat.pickup.sky_orchards.acorn_bone":182,"stat.walkOneCm":979404,"stat.pickup.ceramics.clay_bucket":2,"stat.useItem.slabmachines.chest_slab":31,"stat.useItem.morecauldrons.oak_cauldron":6,"stat.playerKills":3,"stat.useItem.minecraft.chest":1,"stat.pickup.sky_orchards.sapling_bone":122,"stat.pickup.minecraft.clay_ball":28,"stat.pickup.sky_orchards.acorn_clay":79,"stat.craftItem.morecauldrons.oak_cauldron":12,"stat.craftItem.slabmachines.chest_slab":34,"stat.mineBlock.sky_orchards.log_gravel":84,"stat.drop.inspirations.wooden_crook":2,"stat.craftItem.rustic.crushing_tub":1,"stat.pickup.sky_orchards.acorn_gravel":163,"stat.pickup.sky_orchards.sapling_gravel":114,"stat.killEntity.Skeleton":2,"stat.entityKilledBy.rogue_android":2,"stat.killEntity.Spider":6,"stat.mobKills":22,"stat.pickup.slabmachines.chest_slab":7,"stat.mineBlock.minecraft.leaves":7,"stat.pickup.minecraft.torch":12,"stat.drop.minecraft.stone_axe":2,"stat.mineBlock.sky_orchards.log_petrified":68}