{"stat.mineBlock.sky_orchards.log_coal":10,"stat.craftItem.sky_orchards.sapling_cottonwood":2,"stat.craftItem.sky_orchards.sapling_sand":2,"stat.pickup.minecraft.wooden_slab":733,"stat.mineBlock.tconstruct.seared_tank":4,"stat.leaveGame":5,"stat.mineBlock.tconstruct.channel":1,"stat.entityKilledBy.Human":1,"stat.mineBlock.sky_orchards.log_dirt":147,"stat.pickup.sky_orchards.resin_cottonwood":13,"stat.useItem.sky_orchards.sapling_iron":2,"stat.useItem.minecraft.water_bucket":1,"stat.drop.sky_orchards.sapling_petrified":1,"stat.pickup.minecraft.rotten_flesh":17,"stat.craftItem.sky_orchards.amber_clay":1,"stat.entityKilledBy.Spider":1,"stat.pickup.sky_orchards.sapling_dirt":122,"stat.craftItem.minecraft.stone_axe":7,"stat.mineBlock.minecraft.wooden_slab":38,"stat.craftItem.tconstruct.casting":2,"stat.craftItem.minecraft.stone_sword":2,"stat.pickup.sky_orchards.resin_petrified":227,"stat.useItem.tconstruct.channel":1,"stat.drop.sky_orchards.sapling_iron":1,"stat.mineBlock.minecraft.vine":1,"stat.furnaceInteraction":22,"stat.pickup.sky_orchards.acorn_coal":7,"stat.pickup.sky_orchards.acorn_dirt":118,"stat.pickup.sky_orchards.sapling_coal":4,"stat.useItem.minecraft.flint_and_steel":2,"stat.craftItem.minecraft.sand":7,"stat.mineBlock.sky_orchards.log_tin":5,"stat.craftItem.morecauldrons.cobble_cauldron":2,"stat.useItem.minecraft.dye":5,"stat.deaths":33,"stat.playOneMinute":527620,"stat.drop.sky_orchards.sapling_tin":1,"stat.pickup.sky_orchards.sapling_lapis":1,"stat.killEntity.thermalfoundation.blitz":3,"stat.useItem.sky_orchards.sapling_sand":7,"stat.chestOpened":444,"stat.entityKilledBy.thermalfoundation.blitz":2,"stat.pickup.minecraft.arrow":5,"stat.pickup.sky_orchards.acorn_petrified":130,"stat.mineBlock.sky_orchards.leaves_iron":18,"stat.useItem.inspirations.wooden_crook":697,"stat.pickup.sky_orchards.resin_sand":55,"stat.useItem.sky_orchards.sapling_gravel":11,"stat.fallOneCm":1010831,"stat.pickup.inspirations.dyed_bottle":1,"stat.mineBlock.slabmachines.chest_slab":2,"stat.crouchOneCm":171603,"stat.craftItem.minecraft.chest":12,"stat.craftItem.minecraft.iron_ingot":1,"stat.pickup.rustic.grape_stem":3,"stat.mineBlock.sky_orchards.leaves_sand":9,"stat.pickup.sky_orchards.sapling_sand":11,"stat.pickup.sky_orchards.sapling_tin":2,"stat.pickup.sky_orchards.resin_tin":6,"stat.mineBlock.minecraft.log2":8,"stat.craftItem.tconstruct.materials":40,"stat.pickup.tconstruct.channel":1,"stat.pickup.minecraft.dye":60,"stat.pickup.sky_orchards.resin_iron":30,"stat.mineBlock.minecraft.gravel":24,"stat.craftItem.tconstruct.seared_tank":1,"stat.useItem.minecraft.stone_pickaxe":181,"stat.useItem.minecraft.stone_sword":120,"stat.mineBlock.sky_orchards.log_bone":41,"stat.pickup.pickletweaks.dye_powder":3,"stat.mineBlock.minecraft.dirt":8,"stat.pickup.sky_orchards.acorn_iron":15,"stat.craftItem.sky_orchards.amber_tin":1,"stat.craftItem.tconstruct.channel":6,"stat.pickup.sky_orchards.sapling_iron":8,"stat.mineBlock.sky_orchards.sapling_dirt":3,"stat.useItem.minecraft.log":2,"stat.useItem.minecraft.cobblestone":17,"stat.craftItem.minecraft.crafting_table":1,"stat.useItem.minecraft.gravel":19,"stat.craftItem.ceramics.clay_bucket":1,"stat.pickup.minecraft.log":618,"stat.drop.sky_orchards.acorn_gravel":2,"stat.pickup.sky_orchards.resin_gravel":108,"stat.pickup.sky_orchards.acorn_sand":48,"stat.pickup.minecraft.sapling":11,"stat.pickup.minecraft.apple":2,"stat.mineBlock.sky_orchards.sapling_gravel":1,"stat.craftItem.minecraft.planks":932,"stat.killEntity.rogue_android":2,"stat.craftItem.minecraft.dirt":3,"stat.mineBlock.minecraft.log":114,"stat.mineBlock.sky_orchards.log_clay":43,"stat.pickup.rustic.sapling_apple":6,"stat.useItem.sky_orchards.sapling_coal":3,"stat.sneakTime":39887,"stat.mineBlock.sky_orchards.log_cottonwood":10,"stat.useItem.minecraft.wooden_axe":348,"stat.craftItem.minecraft.cobblestone":38,"stat.useItem.sky_orchards.sapling_dirt":13,"stat.drop.minecraft.wooden_axe":2,"stat.drop.minecraft.stone_pickaxe":2,"stat.pickup.minecraft.bone":17,"stat.craftItem.ceramics.unfired_clay":1,"stat.mineBlock.minecraft.cobblestone":173,"stat.mineBlock.sky_orchards.leaves_gravel":20,"stat.pickup.minecraft.flint":28,"stat.killEntity.Human":12,"stat.craftItem.tconstruct.faucet":1,"stat.pickup.sky_orchards.resin_dirt":227,"stat.pickup.pickletweaks.coal_piece":3,"stat.craftItem.sky_orchards.amber_iron":6,"stat.swimOneCm":1105,"stat.useItem.sky_orchards.sapling_bone":13,"stat.useItem.minecraft.dirt":17,"stat.useItem.minecraft.stone_slab2":78,"stat.entityKilledBy.ranged_rogue_android":1,"stat.craftItem.minecraft.furnace":1,"stat.craftItem.extendedcrafting.handheld_table":1,"stat.craftItem.minecraft.stone_pickaxe":3,"stat.mineBlock.sky_orchards.leaves_dirt":418,"stat.pickup.minecraft.cobblestone":171,"stat.craftItem.pickletweaks.coal_piece":8,"stat.useItem.minecraft.stone_shovel":22,"stat.flyOneCm":491338,"stat.mineBlock.sky_orchards.leaves_coal":2,"stat.pickup.sky_orchards.resin_coal":5,"stat.craftItem.minecraft.wooden_slab":1602,"stat.pickup.sky_orchards.sapling_petrified":70,"stat.mineBlock.morecauldrons.cobble_cauldron":2,"stat.timeSinceDeath":15336,"stat.mineBlock.sky_orchards.leaves_cottonwood":1,"stat.useItem.minecraft.wooden_slab":4696,"stat.pickup.minecraft.wooden_axe":4,"stat.pickup.tconstruct.soil":36,"stat.drop.minecraft.dirt":1,"stat.useItem.sky_orchards.sapling_clay":6,"stat.killEntity.Creeper":1,"stat.pickup.minecraft.wooden_sword":2,"stat.craftItem.tconstruct.soil":4,"stat.pickup.minecraft.string":9,"stat.mineBlock.rustic.sapling_apple":1,"stat.mineBlock.sky_orchards.leaves_clay":92,"stat.entityKilledBy.Skeleton":4,"stat.pickup.sky_orchards.sapling_cottonwood":3,"stat.craftItem.minecraft.stone_slab2":0,"stat.useItem.sky_orchards.sapling_petrified":19,"stat.sprintOneCm":512870,"stat.craftItem.minecraft.wooden_axe":7,"stat.craftItem.minecraft.stick":36,"stat.useItem.carryon.tile_item":17,"stat.mineBlock.sky_orchards.leaves_petrified":148,"stat.pickup.inspirations.wooden_crook":2,"stat.craftItem.minecraft.clay_ball":8,"stat.drop":15,"stat.mineBlock.rustic.leaves_apple":9,"stat.killEntity.Zombie":11,"stat.craftItem.minecraft.clay":3,"stat.diveOneCm":594,"stat.pickup.sky_orchards.acorn_cottonwood":7,"stat.mineBlock.sky_orchards.leaves_bone":79,"stat.pickup.minecraft.gravel":25,"stat.pickup.minecraft.stone_axe":3,"stat.pickup.morecauldrons.cobble_cauldron":3,"stat.craftItem.sky_orchards.sapling_coal":1,"stat.pickup.sky_orchards.resin_clay":65,"stat.jump":2474,"stat.pickup.sky_orchards.acorn_tin":4,"stat.pickup.tconstruct.seared_tank":4,"stat.useItem.minecraft.stone_axe":435,"stat.drop.minecraft.wooden_sword":1,"stat.pickup.minecraft.spider_eye":1,"stat.mineBlock.sky_orchards.log_sand":37,"stat.pickup.minecraft.dirt":28,"stat.useItem.sky_orchards.sapling_tin":1,"stat.pickup.sky_orchards.resin_bone":105,"stat.useItem.minecraft.sapling":4,"stat.craftItem.tcomplement.melter":4,"stat.craftItem.minecraft.flint_and_steel":1,"stat.damageTaken":9859,"stat.pickup.minecraft.log2":8,"stat.pickup.mysticalagriculture.crafting":3,"stat.entityKilledBy.ZombieVillager":1,"stat.pickup.sky_orchards.sapling_clay":24,"stat.damageDealt":11469,"stat.craftItem.minecraft.glass":2,"stat.sleepInBed":4,"stat.mineBlock.sky_orchards.log_iron":20,"stat.craftItem.minecraft.gravel":2,"stat.pickup.sky_orchards.acorn_bone":69,"stat.craftItem.minecraft.stone_shovel":1,"stat.walkOneCm":1168144,"stat.useItem.slabmachines.chest_slab":1,"stat.pickup.ceramics.clay_bucket":1,"stat.playerKills":3,"stat.useItem.minecraft.chest":1,"stat.pickup.minecraft.stick":2,"stat.pickup.sky_orchards.sapling_bone":29,"stat.craftItem.inspirations.wooden_crook":7,"stat.pickup.sky_orchards.acorn_clay":32,"stat.pickup.rustic.apple_seeds":1,"stat.useItem.minecraft.lava_bucket":1,"stat.craftItem.slabmachines.chest_slab":2,"stat.mineBlock.sky_orchards.log_gravel":55,"stat.drop.inspirations.wooden_crook":1,"stat.pickup.sky_orchards.acorn_gravel":65,"stat.pickup.sky_orchards.sapling_gravel":25,"stat.killEntity.Skeleton":7,"stat.entityKilledBy.rogue_android":4,"stat.killEntity.Spider":6,"stat.mobKills":47,"stat.pickup.slabmachines.chest_slab":2,"stat.mineBlock.minecraft.leaves":46,"stat.drop.minecraft.stone_axe":3,"stat.craftItem.tcomplement.materials":2,"stat.mineBlock.sky_orchards.log_petrified":154}