{"stat.drop.minecraft.stone_pickaxe":1,"stat.mineBlock.sky_orchards.log_coal":10,"stat.pickup.minecraft.bone":17,"stat.craftItem.sky_orchards.sapling_cottonwood":2,"stat.craftItem.sky_orchards.sapling_sand":2,"stat.pickup.minecraft.wooden_slab":729,"stat.craftItem.ceramics.unfired_clay":1,"stat.leaveGame":3,"stat.mineBlock.minecraft.cobblestone":5,"stat.mineBlock.sky_orchards.leaves_gravel":20,"stat.pickup.minecraft.flint":26,"stat.killEntity.Human":11,"stat.craftItem.tconstruct.faucet":1,"stat.pickup.sky_orchards.resin_dirt":227,"stat.pickup.pickletweaks.coal_piece":3,"stat.entityKilledBy.Human":1,"stat.craftItem.sky_orchards.amber_iron":2,"stat.swimOneCm":409,"stat.mineBlock.sky_orchards.log_dirt":147,"stat.useItem.sky_orchards.sapling_bone":13,"stat.useItem.minecraft.dirt":17,"stat.useItem.minecraft.stone_slab2":61,"stat.entityKilledBy.ranged_rogue_android":1,"stat.pickup.sky_orchards.resin_cottonwood":13,"stat.drop.sky_orchards.sapling_petrified":1,"stat.pickup.minecraft.rotten_flesh":17,"stat.craftItem.sky_orchards.amber_clay":1,"stat.craftItem.minecraft.furnace":1,"stat.entityKilledBy.Spider":1,"stat.pickup.sky_orchards.sapling_dirt":122,"stat.craftItem.minecraft.stone_axe":6,"stat.craftItem.extendedcrafting.handheld_table":1,"stat.mineBlock.sky_orchards.leaves_dirt":418,"stat.pickup.minecraft.cobblestone":5,"stat.mineBlock.minecraft.wooden_slab":38,"stat.craftItem.tconstruct.casting":2,"stat.craftItem.pickletweaks.coal_piece":8,"stat.craftItem.minecraft.stone_sword":1,"stat.flyOneCm":333689,"stat.mineBlock.sky_orchards.leaves_coal":2,"stat.pickup.sky_orchards.resin_coal":5,"stat.craftItem.minecraft.wooden_slab":1602,"stat.pickup.sky_orchards.resin_petrified":227,"stat.pickup.sky_orchards.sapling_petrified":70,"stat.mineBlock.morecauldrons.cobble_cauldron":1,"stat.timeSinceDeath":12087,"stat.mineBlock.sky_orchards.leaves_cottonwood":1,"stat.useItem.minecraft.wooden_slab":4691,"stat.useItem.tconstruct.channel":1,"stat.pickup.minecraft.wooden_axe":4,"stat.mineBlock.minecraft.vine":1,"stat.pickup.tconstruct.soil":36,"stat.furnaceInteraction":18,"stat.drop.minecraft.dirt":1,"stat.useItem.sky_orchards.sapling_clay":5,"stat.pickup.minecraft.wooden_sword":2,"stat.pickup.minecraft.string":9,"stat.pickup.sky_orchards.acorn_coal":7,"stat.mineBlock.sky_orchards.leaves_clay":90,"stat.entityKilledBy.Skeleton":4,"stat.pickup.sky_orchards.sapling_cottonwood":3,"stat.craftItem.minecraft.stone_slab2":0,"stat.useItem.sky_orchards.sapling_petrified":19,"stat.pickup.sky_orchards.acorn_dirt":118,"stat.sprintOneCm":417925,"stat.pickup.sky_orchards.sapling_coal":4,"stat.craftItem.minecraft.wooden_axe":7,"stat.craftItem.minecraft.stick":28,"stat.useItem.carryon.tile_item":10,"stat.mineBlock.sky_orchards.leaves_petrified":148,"stat.useItem.minecraft.flint_and_steel":2,"stat.craftItem.minecraft.sand":6,"stat.mineBlock.sky_orchards.log_tin":5,"stat.pickup.inspirations.wooden_crook":2,"stat.craftItem.morecauldrons.cobble_cauldron":1,"stat.craftItem.minecraft.clay_ball":4,"stat.deaths":29,"stat.drop":12,"stat.playOneMinute":438434,"stat.drop.sky_orchards.sapling_tin":1,"stat.killEntity.Zombie":10,"stat.killEntity.thermalfoundation.blitz":3,"stat.useItem.sky_orchards.sapling_sand":6,"stat.chestOpened":337,"stat.entityKilledBy.thermalfoundation.blitz":2,"stat.pickup.sky_orchards.acorn_cottonwood":7,"stat.mineBlock.sky_orchards.leaves_bone":79,"stat.pickup.minecraft.gravel":3,"stat.pickup.minecraft.arrow":5,"stat.pickup.minecraft.stone_axe":2,"stat.pickup.sky_orchards.acorn_petrified":130,"stat.pickup.morecauldrons.cobble_cauldron":2,"stat.useItem.inspirations.wooden_crook":697,"stat.pickup.sky_orchards.resin_sand":40,"stat.craftItem.sky_orchards.sapling_coal":1,"stat.pickup.sky_orchards.resin_clay":51,"stat.jump":1725,"stat.useItem.sky_orchards.sapling_gravel":11,"stat.pickup.sky_orchards.acorn_tin":4,"stat.fallOneCm":866559,"stat.useItem.minecraft.stone_axe":392,"stat.pickup.inspirations.dyed_bottle":1,"stat.mineBlock.slabmachines.chest_slab":2,"stat.drop.minecraft.wooden_sword":1,"stat.crouchOneCm":170253,"stat.pickup.minecraft.spider_eye":1,"stat.mineBlock.sky_orchards.log_sand":27,"stat.craftItem.minecraft.chest":12,"stat.craftItem.minecraft.iron_ingot":1,"stat.pickup.rustic.grape_stem":3,"stat.pickup.minecraft.dirt":28,"stat.useItem.sky_orchards.sapling_tin":1,"stat.mineBlock.sky_orchards.leaves_sand":4,"stat.pickup.sky_orchards.resin_bone":105,"stat.pickup.sky_orchards.sapling_sand":9,"stat.useItem.minecraft.sapling":4,"stat.craftItem.tcomplement.melter":4,"stat.craftItem.minecraft.flint_and_steel":1,"stat.pickup.sky_orchards.sapling_tin":2,"stat.pickup.sky_orchards.resin_tin":6,"stat.damageTaken":8723,"stat.craftItem.tconstruct.materials":36,"stat.pickup.minecraft.dye":60,"stat.pickup.mysticalagriculture.crafting":3,"stat.entityKilledBy.ZombieVillager":1,"stat.craftItem.tconstruct.seared_tank":1,"stat.useItem.minecraft.stone_pickaxe":6,"stat.pickup.sky_orchards.sapling_clay":22,"stat.useItem.minecraft.stone_sword":94,"stat.damageDealt":10066,"stat.mineBlock.sky_orchards.log_bone":41,"stat.craftItem.minecraft.glass":2,"stat.pickup.pickletweaks.dye_powder":3,"stat.sleepInBed":3,"stat.mineBlock.minecraft.dirt":8,"stat.craftItem.minecraft.gravel":2,"stat.craftItem.sky_orchards.amber_tin":1,"stat.pickup.sky_orchards.acorn_bone":69,"stat.walkOneCm":932144,"stat.useItem.slabmachines.chest_slab":1,"stat.pickup.ceramics.clay_bucket":1,"stat.craftItem.tconstruct.channel":6,"stat.playerKills":3,"stat.useItem.minecraft.chest":1,"stat.mineBlock.sky_orchards.sapling_dirt":3,"stat.pickup.minecraft.stick":2,"stat.pickup.sky_orchards.sapling_bone":29,"stat.useItem.minecraft.log":2,"stat.useItem.minecraft.cobblestone":1,"stat.craftItem.minecraft.crafting_table":1,"stat.craftItem.inspirations.wooden_crook":7,"stat.pickup.sky_orchards.acorn_clay":23,"stat.craftItem.ceramics.clay_bucket":1,"stat.craftItem.slabmachines.chest_slab":2,"stat.pickup.minecraft.log":562,"stat.drop.sky_orchards.acorn_gravel":2,"stat.mineBlock.sky_orchards.log_gravel":55,"stat.drop.inspirations.wooden_crook":1,"stat.pickup.sky_orchards.resin_gravel":108,"stat.pickup.sky_orchards.acorn_gravel":65,"stat.pickup.sky_orchards.acorn_sand":41,"stat.pickup.minecraft.sapling":2,"stat.pickup.sky_orchards.sapling_gravel":25,"stat.killEntity.Skeleton":7,"stat.mineBlock.sky_orchards.sapling_gravel":1,"stat.craftItem.minecraft.planks":928,"stat.entityKilledBy.rogue_android":3,"stat.killEntity.rogue_android":1,"stat.craftItem.minecraft.dirt":3,"stat.killEntity.Spider":6,"stat.mobKills":42,"stat.pickup.slabmachines.chest_slab":2,"stat.mineBlock.minecraft.log":96,"stat.mineBlock.sky_orchards.log_clay":34,"stat.mineBlock.minecraft.leaves":23,"stat.useItem.sky_orchards.sapling_coal":3,"stat.sneakTime":38545,"stat.mineBlock.sky_orchards.log_cottonwood":10,"stat.drop.minecraft.stone_axe":3,"stat.useItem.minecraft.wooden_axe":322,"stat.craftItem.minecraft.cobblestone":38,"stat.useItem.sky_orchards.sapling_dirt":13,"stat.mineBlock.sky_orchards.log_petrified":154,"stat.drop.minecraft.wooden_axe":1}