{"stat.mineBlock.sky_orchards.log_coal":22,"stat.pickup.minecraft.wooden_slab":649,"stat.useItem.sky_orchards.sapling_cottonwood":2,"stat.leaveGame":8,"stat.useItem.chineseworkshop.oak_wall":39,"stat.pickup.tconstruct.edible":2,"stat.mineBlock.tconstruct.channel":1,"stat.pickup.rustic.crushing_tub":1,"stat.pickup.tconstruct.faucet":1,"stat.pickup.sky_orchards.resin_lead":12,"stat.useItem.minecraft.planks":346,"stat.mineBlock.sky_orchards.leaves_tin":3,"stat.craftItem.sky_orchards.sapling_petrified":1,"stat.mineBlock.sky_orchards.log_dirt":180,"stat.mineBlock.chineseworkshop.upper_door_frame":4,"stat.pickup.sky_orchards.resin_cottonwood":37,"stat.useItem.sky_orchards.sapling_iron":3,"stat.craftItem.chineseworkshop.thin_wall_w":180,"stat.drop.sky_orchards.sapling_petrified":3,"stat.pickup.minecraft.rotten_flesh":12,"stat.craftItem.sky_orchards.amber_clay":10,"stat.craftItem.sky_orchards.sapling_gravel":1,"stat.pickup.sky_orchards.sapling_dirt":508,"stat.craftItem.minecraft.stone_axe":11,"stat.mineBlock.malisisdoors.big_door_oak_3x3":1,"stat.killEntity.Enderman":1,"stat.mineBlock.minecraft.wooden_slab":96,"stat.pickup.sky_orchards.resin_petrified":281,"stat.pickup.chineseworkshop.oak_wall":43,"stat.craftItem.minecraft.bed":1,"stat.mineBlock.chineseworkshop.paper_window":5,"stat.drop.ceramics.clay_bucket":1,"stat.useItem.minecraft.oak_stairs":48,"stat.furnaceInteraction":18,"stat.killEntity.ZombieVillager":1,"stat.pickup.xlfoodmod.lettuce_seeds":1,"stat.mineBlock.bibliocraft.table":2,"stat.craftItem.sky_orchards.acorn_dirt":1,"stat.pickup.sky_orchards.acorn_coal":47,"stat.pickup.sky_orchards.acorn_dirt":341,"stat.pickup.sky_orchards.sapling_coal":32,"stat.useItem.minecraft.fence":9,"stat.pickup.minecraft.skull":5,"stat.useItem.rustic.table_oak":2,"stat.craftItem.minecraft.sand":11,"stat.mineBlock.sky_orchards.log_tin":14,"stat.drop.tconstruct.faucet":1,"stat.mineBlock.minecraft.oak_stairs":43,"stat.deaths":28,"stat.playOneMinute":736299,"stat.pickup.tconstruct.rack":15,"stat.useItem.sky_orchards.acorn_dirt":2,"stat.pickup.sky_orchards.sapling_lapis":18,"stat.useItem.sky_orchards.sapling_sand":4,"stat.chestOpened":904,"stat.entityKilledBy.thermalfoundation.blitz":2,"stat.craftItem.minecraft.sign":24,"stat.pickup.tconstruct.casting":1,"stat.pickup.minecraft.arrow":7,"stat.pickup.minecraft.wooden_pressure_plate":2,"stat.pickup.sky_orchards.acorn_petrified":155,"stat.mineBlock.sky_orchards.leaves_iron":77,"stat.useItem.inspirations.wooden_crook":209,"stat.pickup.sky_orchards.resin_sand":101,"stat.craftItem.minecraft.coal":10,"stat.mineBlock.tconstruct.faucet":1,"stat.useItem.sky_orchards.sapling_gravel":17,"stat.fallOneCm":1167735,"stat.drop.sky_orchards.leaves_gravel":1,"stat.mineBlock.slabmachines.chest_slab":20,"stat.crouchOneCm":165851,"stat.mineBlock.minecraft.chest":21,"stat.craftItem.minecraft.chest":39,"stat.craftItem.minecraft.iron_ingot":9,"stat.pickup.rustic.grape_stem":4,"stat.craftItem.malisisdoors.big_door_oak_3x3":2,"stat.pickup.sky_orchards.resin_lapis":36,"stat.mineBlock.sky_orchards.leaves_sand":47,"stat.mineBlock.minecraft.wooden_pressure_plate":2,"stat.pickup.sky_orchards.sapling_sand":33,"stat.mineBlock.tconstruct.rack":15,"stat.craftItem.bibliocraft.seat":1,"stat.pickup.sky_orchards.sapling_tin":18,"stat.pickup.sky_orchards.resin_tin":50,"stat.mineBlock.minecraft.log2":79,"stat.craftItem.minecraft.wooden_sword":3,"stat.pickup.tconstruct.channel":1,"stat.pickup.minecraft.dye":60,"stat.pickup.minecraft.planks":209,"stat.pickup.sky_orchards.resin_iron":42,"stat.mineBlock.minecraft.gravel":15,"stat.mineBlock.sky_orchards.sapling_petrified":4,"stat.useItem.minecraft.stone_pickaxe":144,"stat.useItem.chineseworkshop.thin_wall_w":64,"stat.mineBlock.sky_orchards.log_bone":49,"stat.craftItem.minecraft.oak_stairs":40,"stat.mineBlock.minecraft.dirt":36,"stat.pickup.sky_orchards.acorn_iron":11,"stat.craftItem.sky_orchards.amber_tin":16,"stat.mineBlock.sky_orchards.leaves_lapis":27,"stat.useItem.minecraft.torch":31,"stat.pickup.sky_orchards.sapling_iron":33,"stat.mineBlock.sky_orchards.sapling_dirt":3,"stat.pickup.advancementbook.advancement_book":1,"stat.useItem.minecraft.log":174,"stat.useItem.minecraft.cobblestone":62,"stat.craftItem.minecraft.crafting_table":5,"stat.useItem.minecraft.gravel":24,"stat.craftItem.ceramics.clay_bucket":1,"stat.mineBlock.sky_orchards.sapling_clay":1,"stat.pickup.minecraft.log":824,"stat.pickup.sky_orchards.resin_gravel":262,"stat.pickup.sky_orchards.acorn_sand":47,"stat.craftItem.bibliocraft.table":2,"stat.pickup.sky_orchards.amber_tin":32,"stat.pickup.minecraft.sapling":39,"stat.drop.sky_orchards.sapling_lapis":1,"stat.pickup.minecraft.apple":1,"stat.useItem.xlfoodmod.donut":2,"stat.mineBlock.sky_orchards.sapling_gravel":3,"stat.craftItem.minecraft.planks":2156,"stat.killEntity.rogue_android":3,"stat.mineBlock.chineseworkshop.thin_wall_w":33,"stat.craftItem.minecraft.dirt":60,"stat.pickup.morecauldrons.oak_cauldron":2,"stat.useItem.minecraft.wooden_pressure_plate":3,"stat.mineBlock.minecraft.log":81,"stat.craftItem.minecraft.wooden_door":18,"stat.mineBlock.sky_orchards.log_clay":35,"stat.useItem.minecraft.wooden_door":1,"stat.pickup.sky_orchards.acorn_lapis":11,"stat.craftItem.minecraft.paper":10,"stat.useItem.sky_orchards.sapling_coal":2,"stat.pickup.minecraft.red_flower":2,"stat.sneakTime":54451,"stat.mineBlock.sky_orchards.log_cottonwood":12,"stat.useItem.minecraft.wooden_axe":282,"stat.pickup.minecraft.yellow_flower":2,"stat.craftItem.minecraft.cobblestone":20,"stat.useItem.sky_orchards.sapling_dirt":38,"stat.drop.minecraft.wooden_axe":5,"stat.pickup.minecraft.chest":25,"stat.drop.minecraft.stone_pickaxe":1,"stat.pickup.minecraft.bone":26,"stat.craftItem.ceramics.unfired_clay":1,"stat.drop.pickletweaks.coal_piece":6,"stat.mineBlock.minecraft.cobblestone":128,"stat.mineBlock.sky_orchards.leaves_gravel":156,"stat.pickup.minecraft.stone_pickaxe":3,"stat.pickup.minecraft.flint":30,"stat.killEntity.Human":4,"stat.pickup.sky_orchards.resin_dirt":486,"stat.craftItem.minecraft.wool":4,"stat.pickup.pickletweaks.coal_piece":14,"stat.swimOneCm":8242,"stat.useItem.sky_orchards.sapling_lapis":2,"stat.drop.minecraft.cobblestone":18,"stat.mineBlock.morecauldrons.oak_cauldron":2,"stat.craftItem.inspirations.stone_crook":3,"stat.drop.morecauldrons.cobble_cauldron":1,"stat.pickup.chineseworkshop.upper_door_frame":5,"stat.useItem.sky_orchards.sapling_bone":4,"stat.useItem.minecraft.dirt":54,"stat.useItem.minecraft.stone_slab2":269,"stat.mineBlock.chineseworkshop.oak_wall":43,"stat.craftItem.minecraft.furnace":1,"stat.craftItem.minecraft.lapis_block":2,"stat.craftItem.sky_orchards.sapling_bone":1,"stat.craftItem.extendedcrafting.handheld_table":1,"stat.craftItem.minecraft.stone_pickaxe":1,"stat.mineBlock.sky_orchards.leaves_dirt":94,"stat.pickup.minecraft.cobblestone":125,"stat.pickup.rustic.table_oak":3,"stat.flyOneCm":259529,"stat.craftItem.minecraft.glass_bottle":3,"stat.mineBlock.sky_orchards.leaves_coal":103,"stat.pickup.sky_orchards.sapling_lead":5,"stat.pickup.sky_orchards.resin_coal":84,"stat.craftItem.minecraft.wooden_slab":2334,"stat.pickup.sky_orchards.sapling_petrified":186,"stat.mineBlock.bibliocraft.seat":2,"stat.timeSinceDeath":927,"stat.mineBlock.sky_orchards.leaves_cottonwood":100,"stat.useItem.minecraft.sign":26,"stat.useItem.minecraft.wooden_slab":2057,"stat.killEntity.ranged_rogue_android":1,"stat.pickup.minecraft.wooden_axe":1,"stat.drop.minecraft.dirt":2,"stat.useItem.sky_orchards.sapling_clay":6,"stat.useItem.tconstruct.rack":5,"stat.pickup.sky_orchards.acorn_lead":20,"stat.killEntity.Creeper":3,"stat.pickup.minecraft.wooden_sword":3,"stat.craftItem.tconstruct.soil":36,"stat.pickup.minecraft.string":26,"stat.mineBlock.sky_orchards.leaves_clay":56,"stat.entityKilledBy.Skeleton":3,"stat.drop.sky_orchards.acorn_petrified":2,"stat.craftItem.minecraft.stone_slab2":0,"stat.pickup.sky_orchards.sapling_cottonwood":16,"stat.craftItem.tconstruct.stone_stick":8,"stat.useItem.sky_orchards.sapling_petrified":22,"stat.craftItem.tconstruct.tooltables":4,"stat.sprintOneCm":939712,"stat.craftItem.minecraft.stick":104,"stat.craftItem.minecraft.wooden_axe":8,"stat.useItem.carryon.tile_item":15,"stat.useItem.minecraft.bed":2,"stat.mineBlock.sky_orchards.leaves_petrified":209,"stat.craftItem.chineseworkshop.upper_door_frame":37,"stat.pickup.sky_orchards.leaves_gravel":1,"stat.pickup.inspirations.wooden_crook":2,"stat.craftItem.minecraft.clay_ball":40,"stat.craftItem.minecraft.wooden_pressure_plate":10,"stat.mineBlock.sky_orchards.log_lead":4,"stat.mineBlock.minecraft.planks":161,"stat.drop":61,"stat.useItem.minecraft.wooden_sword":188,"stat.craftItem.sky_orchards.sapling_clay":2,"stat.drop.tombstone.grave_key":2,"stat.pickup.tombstone.grave_key":2,"stat.killEntity.Zombie":1,"stat.craftItem.chineseworkshop.paper_window":16,"stat.craftItem.minecraft.dye":18,"stat.mineBlock.rustic.table_oak":3,"stat.diveOneCm":560,"stat.pickup.bibliocraft.seat":2,"stat.useItem.inspirations.stone_crook":354,"stat.pickup.tconstruct.tooltables":4,"stat.pickup.sky_orchards.acorn_cottonwood":61,"stat.pickup.minecraft.sign":25,"stat.mineBlock.sky_orchards.leaves_bone":56,"stat.pickup.minecraft.gravel":12,"stat.useItem.minecraft.glass_bottle":3,"stat.pickup.minecraft.stone_axe":6,"stat.drop.tconstruct.channel":1,"stat.pickup.morecauldrons.cobble_cauldron":1,"stat.useItem.minecraft.potion":2,"stat.pickup.sky_orchards.resin_clay":89,"stat.jump":1668,"stat.pickup.sky_orchards.acorn_tin":47,"stat.craftItem.tconstruct.rack":4,"stat.pickup.minecraft.coal":1,"stat.useItem.minecraft.stone_axe":965,"stat.pickup.minecraft.gunpowder":6,"stat.drop.minecraft.wooden_sword":5,"stat.pickup.malisisdoors.big_door_oak_3x3":1,"stat.pickup.minecraft.spider_eye":7,"stat.mineBlock.sky_orchards.log_sand":34,"stat.craftItem.minecraft.torch":22,"stat.pickup.minecraft.dirt":37,"stat.useItem.sky_orchards.sapling_tin":2,"stat.craftItem.sky_orchards.sapling_lapis":1,"stat.pickup.sky_orchards.resin_bone":222,"stat.useItem.minecraft.sapling":11,"stat.drop.inspirations.stone_crook":1,"stat.mineBlock.tconstruct.tooltables":4,"stat.mineBlock.minecraft.leaves2":24,"stat.mineBlock.sky_orchards.log_lapis":12,"stat.damageTaken":7934,"stat.mineBlock.minecraft.torch":22,"stat.pickup.minecraft.log2":126,"stat.pickup.mysticalagriculture.crafting":3,"stat.craftItem.sky_orchards.amber_lead":2,"stat.pickup.minecraft.bed":7,"stat.pickup.minecraft.oak_stairs":44,"stat.entityKilledBy.Zombie":1,"stat.pickup.sky_orchards.sapling_clay":78,"stat.pickup.statues.blockplayerstatue":12,"stat.killEntity.bouncy_creepers.bouncy_creeper":2,"stat.damageDealt":8202,"stat.craftItem.minecraft.glass":3,"stat.craftItem.chineseworkshop.wooden_window_door":4,"stat.sleepInBed":20,"stat.mineBlock.sky_orchards.log_iron":9,"stat.craftItem.chineseworkshop.oak_wall":18,"stat.craftItem.minecraft.gravel":31,"stat.pickup.sky_orchards.acorn_bone":274,"stat.walkOneCm":1951977,"stat.pickup.ceramics.clay_bucket":3,"stat.useItem.slabmachines.chest_slab":57,"stat.pickup.chineseworkshop.paper_window":5,"stat.useItem.morecauldrons.oak_cauldron":6,"stat.playerKills":4,"stat.useItem.minecraft.chest":18,"stat.pickup.sky_orchards.sapling_bone":166,"stat.pickup.minecraft.clay_ball":28,"stat.craftItem.inspirations.wooden_crook":1,"stat.pickup.sky_orchards.acorn_clay":79,"stat.craftItem.morecauldrons.oak_cauldron":12,"stat.craftItem.slabmachines.chest_slab":58,"stat.useItem.chineseworkshop.paper_window":5,"stat.mineBlock.sky_orchards.log_gravel":84,"stat.drop.inspirations.wooden_crook":2,"stat.craftItem.rustic.crushing_tub":1,"stat.pickup.sky_orchards.acorn_gravel":163,"stat.mineBlock.sky_orchards.leaves_lead":8,"stat.drop.minecraft.wooden_slab":3,"stat.pickup.sky_orchards.sapling_gravel":114,"stat.killEntity.Skeleton":2,"stat.entityKilledBy.rogue_android":2,"stat.killEntity.Spider":10,"stat.mobKills":28,"stat.pickup.slabmachines.chest_slab":28,"stat.craftItem.minecraft.fence":15,"stat.craftItem.rustic.table_oak":4,"stat.mineBlock.minecraft.leaves":7,"stat.mineBlock.rustic.crushing_tub":1,"stat.pickup.minecraft.torch":26,"stat.pickup.bibliocraft.table":2,"stat.mineBlock.tconstruct.casting":1,"stat.drop.minecraft.stone_axe":5,"stat.pickup.chineseworkshop.thin_wall_w":31,"stat.craftItem.minecraft.brick":1,"stat.mineBlock.sky_orchards.log_petrified":77}