{"stat.mineBlock.sky_orchards.log_coal":22,"stat.pickup.minecraft.wooden_slab":604,"stat.useItem.sky_orchards.sapling_cottonwood":2,"stat.leaveGame":5,"stat.pickup.tconstruct.edible":2,"stat.useItem.minecraft.planks":17,"stat.mineBlock.sky_orchards.leaves_tin":3,"stat.craftItem.sky_orchards.sapling_petrified":1,"stat.mineBlock.sky_orchards.log_dirt":180,"stat.pickup.sky_orchards.resin_cottonwood":17,"stat.useItem.sky_orchards.sapling_iron":1,"stat.drop.sky_orchards.sapling_petrified":3,"stat.pickup.minecraft.rotten_flesh":12,"stat.craftItem.sky_orchards.amber_clay":10,"stat.craftItem.sky_orchards.sapling_gravel":1,"stat.pickup.sky_orchards.sapling_dirt":508,"stat.craftItem.minecraft.stone_axe":7,"stat.killEntity.Enderman":1,"stat.mineBlock.minecraft.wooden_slab":72,"stat.pickup.sky_orchards.resin_petrified":211,"stat.craftItem.minecraft.bed":1,"stat.drop.ceramics.clay_bucket":1,"stat.furnaceInteraction":11,"stat.killEntity.ZombieVillager":1,"stat.craftItem.sky_orchards.acorn_dirt":1,"stat.pickup.sky_orchards.acorn_coal":29,"stat.pickup.sky_orchards.acorn_dirt":341,"stat.pickup.sky_orchards.sapling_coal":20,"stat.pickup.minecraft.skull":2,"stat.craftItem.minecraft.sand":9,"stat.mineBlock.sky_orchards.log_tin":14,"stat.deaths":23,"stat.playOneMinute":518578,"stat.pickup.tconstruct.rack":11,"stat.useItem.sky_orchards.acorn_dirt":2,"stat.useItem.sky_orchards.sapling_sand":4,"stat.chestOpened":695,"stat.entityKilledBy.thermalfoundation.blitz":2,"stat.craftItem.minecraft.sign":12,"stat.pickup.minecraft.arrow":7,"stat.pickup.sky_orchards.acorn_petrified":142,"stat.mineBlock.sky_orchards.leaves_iron":50,"stat.useItem.inspirations.wooden_crook":209,"stat.pickup.sky_orchards.resin_sand":85,"stat.craftItem.minecraft.coal":10,"stat.useItem.sky_orchards.sapling_gravel":17,"stat.fallOneCm":983424,"stat.mineBlock.slabmachines.chest_slab":9,"stat.crouchOneCm":147258,"stat.mineBlock.minecraft.chest":6,"stat.craftItem.minecraft.chest":19,"stat.pickup.rustic.grape_stem":4,"stat.mineBlock.sky_orchards.leaves_sand":45,"stat.pickup.sky_orchards.sapling_sand":21,"stat.mineBlock.tconstruct.rack":11,"stat.pickup.sky_orchards.sapling_tin":10,"stat.pickup.sky_orchards.resin_tin":22,"stat.mineBlock.minecraft.log2":39,"stat.craftItem.minecraft.wooden_sword":3,"stat.pickup.minecraft.dye":22,"stat.pickup.minecraft.planks":57,"stat.pickup.sky_orchards.resin_iron":3,"stat.mineBlock.minecraft.gravel":15,"stat.mineBlock.sky_orchards.sapling_petrified":4,"stat.useItem.minecraft.stone_pickaxe":92,"stat.mineBlock.sky_orchards.log_bone":49,"stat.mineBlock.minecraft.dirt":30,"stat.pickup.sky_orchards.acorn_iron":3,"stat.craftItem.sky_orchards.amber_tin":16,"stat.useItem.minecraft.torch":9,"stat.pickup.sky_orchards.sapling_iron":4,"stat.mineBlock.sky_orchards.sapling_dirt":3,"stat.useItem.minecraft.log":1,"stat.useItem.minecraft.cobblestone":1,"stat.craftItem.minecraft.crafting_table":1,"stat.useItem.minecraft.gravel":24,"stat.craftItem.ceramics.clay_bucket":1,"stat.mineBlock.sky_orchards.sapling_clay":1,"stat.pickup.minecraft.log":752,"stat.pickup.sky_orchards.resin_gravel":262,"stat.pickup.sky_orchards.acorn_sand":45,"stat.pickup.sky_orchards.amber_tin":16,"stat.pickup.minecraft.sapling":30,"stat.drop.sky_orchards.sapling_lapis":1,"stat.useItem.xlfoodmod.donut":2,"stat.mineBlock.sky_orchards.sapling_gravel":3,"stat.craftItem.minecraft.planks":1636,"stat.killEntity.rogue_android":3,"stat.craftItem.minecraft.dirt":60,"stat.pickup.morecauldrons.oak_cauldron":2,"stat.mineBlock.minecraft.log":34,"stat.mineBlock.sky_orchards.log_clay":35,"stat.useItem.sky_orchards.sapling_coal":2,"stat.sneakTime":46441,"stat.mineBlock.sky_orchards.log_cottonwood":12,"stat.useItem.minecraft.wooden_axe":282,"stat.craftItem.minecraft.cobblestone":20,"stat.useItem.sky_orchards.sapling_dirt":38,"stat.drop.minecraft.wooden_axe":4,"stat.pickup.minecraft.chest":10,"stat.pickup.minecraft.bone":4,"stat.craftItem.ceramics.unfired_clay":1,"stat.mineBlock.minecraft.cobblestone":80,"stat.mineBlock.sky_orchards.leaves_gravel":156,"stat.pickup.minecraft.stone_pickaxe":1,"stat.pickup.minecraft.flint":30,"stat.killEntity.Human":4,"stat.pickup.sky_orchards.resin_dirt":486,"stat.craftItem.minecraft.wool":3,"stat.pickup.pickletweaks.coal_piece":9,"stat.swimOneCm":7498,"stat.mineBlock.morecauldrons.oak_cauldron":2,"stat.craftItem.inspirations.stone_crook":3,"stat.drop.morecauldrons.cobble_cauldron":1,"stat.useItem.sky_orchards.sapling_bone":4,"stat.useItem.minecraft.dirt":52,"stat.useItem.minecraft.stone_slab2":186,"stat.craftItem.minecraft.furnace":1,"stat.craftItem.sky_orchards.sapling_bone":1,"stat.craftItem.minecraft.stone_pickaxe":1,"stat.mineBlock.sky_orchards.leaves_dirt":94,"stat.pickup.minecraft.cobblestone":75,"stat.flyOneCm":214525,"stat.craftItem.minecraft.glass_bottle":3,"stat.mineBlock.sky_orchards.leaves_coal":101,"stat.pickup.sky_orchards.resin_coal":46,"stat.craftItem.minecraft.wooden_slab":2022,"stat.pickup.sky_orchards.sapling_petrified":123,"stat.timeSinceDeath":11474,"stat.mineBlock.sky_orchards.leaves_cottonwood":97,"stat.useItem.minecraft.sign":14,"stat.useItem.minecraft.wooden_slab":1933,"stat.killEntity.ranged_rogue_android":1,"stat.pickup.minecraft.wooden_axe":1,"stat.drop.minecraft.dirt":2,"stat.useItem.sky_orchards.sapling_clay":6,"stat.useItem.tconstruct.rack":4,"stat.killEntity.Creeper":3,"stat.pickup.minecraft.wooden_sword":2,"stat.craftItem.tconstruct.soil":36,"stat.pickup.minecraft.string":26,"stat.mineBlock.sky_orchards.leaves_clay":56,"stat.entityKilledBy.Skeleton":3,"stat.drop.sky_orchards.acorn_petrified":2,"stat.craftItem.minecraft.stone_slab2":0,"stat.pickup.sky_orchards.sapling_cottonwood":14,"stat.craftItem.tconstruct.stone_stick":8,"stat.useItem.sky_orchards.sapling_petrified":22,"stat.craftItem.tconstruct.tooltables":1,"stat.sprintOneCm":766294,"stat.craftItem.minecraft.stick":52,"stat.craftItem.minecraft.wooden_axe":8,"stat.useItem.carryon.tile_item":2,"stat.mineBlock.sky_orchards.leaves_petrified":209,"stat.pickup.inspirations.wooden_crook":2,"stat.craftItem.minecraft.clay_ball":40,"stat.mineBlock.minecraft.planks":1,"stat.drop":27,"stat.useItem.minecraft.wooden_sword":188,"stat.craftItem.sky_orchards.sapling_clay":2,"stat.killEntity.Zombie":1,"stat.diveOneCm":560,"stat.useItem.inspirations.stone_crook":306,"stat.pickup.tconstruct.tooltables":1,"stat.pickup.sky_orchards.acorn_cottonwood":27,"stat.pickup.minecraft.sign":6,"stat.mineBlock.sky_orchards.leaves_bone":53,"stat.pickup.minecraft.gravel":12,"stat.useItem.minecraft.glass_bottle":3,"stat.pickup.minecraft.stone_axe":4,"stat.pickup.morecauldrons.cobble_cauldron":1,"stat.useItem.minecraft.potion":2,"stat.pickup.sky_orchards.resin_clay":89,"stat.jump":1092,"stat.pickup.sky_orchards.acorn_tin":21,"stat.craftItem.tconstruct.rack":4,"stat.useItem.minecraft.stone_axe":490,"stat.pickup.minecraft.gunpowder":6,"stat.drop.minecraft.wooden_sword":4,"stat.pickup.minecraft.spider_eye":7,"stat.mineBlock.sky_orchards.log_sand":34,"stat.craftItem.minecraft.torch":8,"stat.pickup.minecraft.dirt":31,"stat.useItem.sky_orchards.sapling_tin":2,"stat.craftItem.sky_orchards.sapling_lapis":1,"stat.pickup.sky_orchards.resin_bone":155,"stat.useItem.minecraft.sapling":11,"stat.drop.inspirations.stone_crook":1,"stat.mineBlock.tconstruct.tooltables":1,"stat.mineBlock.minecraft.leaves2":23,"stat.damageTaken":6729,"stat.mineBlock.minecraft.torch":11,"stat.pickup.minecraft.log2":39,"stat.pickup.mysticalagriculture.crafting":3,"stat.entityKilledBy.Zombie":1,"stat.pickup.sky_orchards.sapling_clay":78,"stat.pickup.statues.blockplayerstatue":4,"stat.killEntity.bouncy_creepers.bouncy_creeper":2,"stat.damageDealt":7956,"stat.craftItem.minecraft.glass":3,"stat.sleepInBed":8,"stat.craftItem.minecraft.gravel":31,"stat.pickup.sky_orchards.acorn_bone":182,"stat.walkOneCm":1154377,"stat.pickup.ceramics.clay_bucket":3,"stat.useItem.slabmachines.chest_slab":40,"stat.useItem.morecauldrons.oak_cauldron":6,"stat.playerKills":3,"stat.useItem.minecraft.chest":1,"stat.pickup.sky_orchards.sapling_bone":122,"stat.pickup.minecraft.clay_ball":28,"stat.craftItem.inspirations.wooden_crook":1,"stat.pickup.sky_orchards.acorn_clay":79,"stat.craftItem.morecauldrons.oak_cauldron":12,"stat.craftItem.slabmachines.chest_slab":44,"stat.mineBlock.sky_orchards.log_gravel":84,"stat.drop.inspirations.wooden_crook":2,"stat.craftItem.rustic.crushing_tub":1,"stat.pickup.sky_orchards.acorn_gravel":163,"stat.drop.minecraft.wooden_slab":3,"stat.pickup.sky_orchards.sapling_gravel":114,"stat.killEntity.Skeleton":2,"stat.entityKilledBy.rogue_android":2,"stat.killEntity.Spider":10,"stat.mobKills":28,"stat.pickup.slabmachines.chest_slab":11,"stat.mineBlock.minecraft.leaves":7,"stat.pickup.minecraft.torch":15,"stat.drop.minecraft.stone_axe":3,"stat.mineBlock.sky_orchards.log_petrified":77}