{"stat.pickup.minecraft.bone":17,"stat.craftItem.sky_orchards.sapling_cottonwood":2,"stat.craftItem.sky_orchards.sapling_sand":2,"stat.pickup.minecraft.wooden_slab":134,"stat.leaveGame":3,"stat.mineBlock.sky_orchards.leaves_gravel":20,"stat.pickup.minecraft.flint":26,"stat.killEntity.Human":10,"stat.craftItem.tconstruct.faucet":1,"stat.pickup.sky_orchards.resin_dirt":177,"stat.pickup.pickletweaks.coal_piece":1,"stat.entityKilledBy.Human":1,"stat.craftItem.sky_orchards.amber_iron":1,"stat.mineBlock.sky_orchards.log_dirt":118,"stat.useItem.sky_orchards.sapling_bone":13,"stat.useItem.minecraft.dirt":4,"stat.useItem.minecraft.stone_slab2":27,"stat.entityKilledBy.ranged_rogue_android":1,"stat.pickup.sky_orchards.resin_cottonwood":9,"stat.drop.sky_orchards.sapling_petrified":1,"stat.pickup.minecraft.rotten_flesh":16,"stat.craftItem.minecraft.furnace":1,"stat.entityKilledBy.Spider":1,"stat.pickup.sky_orchards.sapling_dirt":119,"stat.craftItem.minecraft.stone_axe":6,"stat.craftItem.extendedcrafting.handheld_table":1,"stat.mineBlock.sky_orchards.leaves_dirt":413,"stat.mineBlock.minecraft.wooden_slab":22,"stat.craftItem.tconstruct.casting":2,"stat.craftItem.minecraft.stone_sword":1,"stat.flyOneCm":175989,"stat.craftItem.minecraft.wooden_slab":582,"stat.pickup.sky_orchards.resin_petrified":168,"stat.pickup.sky_orchards.sapling_petrified":56,"stat.timeSinceDeath":39664,"stat.useItem.minecraft.wooden_slab":492,"stat.useItem.tconstruct.channel":1,"stat.pickup.minecraft.wooden_axe":4,"stat.mineBlock.minecraft.vine":1,"stat.pickup.tconstruct.soil":36,"stat.furnaceInteraction":7,"stat.drop.minecraft.dirt":1,"stat.useItem.sky_orchards.sapling_clay":5,"stat.pickup.minecraft.wooden_sword":1,"stat.pickup.minecraft.string":5,"stat.pickup.sky_orchards.acorn_coal":1,"stat.mineBlock.sky_orchards.leaves_clay":90,"stat.entityKilledBy.Skeleton":4,"stat.pickup.sky_orchards.sapling_cottonwood":1,"stat.craftItem.minecraft.stone_slab2":0,"stat.useItem.sky_orchards.sapling_petrified":13,"stat.pickup.sky_orchards.acorn_dirt":105,"stat.sprintOneCm":285146,"stat.craftItem.minecraft.wooden_axe":5,"stat.craftItem.minecraft.stick":24,"stat.useItem.carryon.tile_item":4,"stat.mineBlock.sky_orchards.leaves_petrified":136,"stat.craftItem.minecraft.sand":5,"stat.pickup.inspirations.wooden_crook":2,"stat.deaths":25,"stat.drop":9,"stat.playOneMinute":330434,"stat.drop.sky_orchards.sapling_tin":1,"stat.killEntity.Zombie":9,"stat.killEntity.thermalfoundation.blitz":3,"stat.useItem.sky_orchards.sapling_sand":6,"stat.chestOpened":218,"stat.entityKilledBy.thermalfoundation.blitz":2,"stat.pickup.sky_orchards.acorn_cottonwood":1,"stat.mineBlock.sky_orchards.leaves_bone":79,"stat.pickup.minecraft.gravel":3,"stat.pickup.minecraft.arrow":5,"stat.pickup.minecraft.stone_axe":1,"stat.pickup.sky_orchards.acorn_petrified":89,"stat.useItem.inspirations.wooden_crook":697,"stat.pickup.sky_orchards.resin_sand":40,"stat.craftItem.sky_orchards.sapling_coal":1,"stat.pickup.sky_orchards.resin_clay":51,"stat.jump":1045,"stat.useItem.sky_orchards.sapling_gravel":11,"stat.fallOneCm":628917,"stat.useItem.minecraft.stone_axe":314,"stat.pickup.inspirations.dyed_bottle":1,"stat.mineBlock.slabmachines.chest_slab":2,"stat.crouchOneCm":49941,"stat.pickup.minecraft.spider_eye":1,"stat.mineBlock.sky_orchards.log_sand":27,"stat.craftItem.minecraft.chest":12,"stat.pickup.rustic.grape_stem":3,"stat.pickup.minecraft.dirt":13,"stat.mineBlock.sky_orchards.leaves_sand":4,"stat.pickup.sky_orchards.resin_bone":95,"stat.pickup.sky_orchards.sapling_sand":9,"stat.useItem.minecraft.sapling":4,"stat.craftItem.tcomplement.melter":4,"stat.damageTaken":7383,"stat.craftItem.tconstruct.materials":36,"stat.pickup.minecraft.dye":60,"stat.pickup.mysticalagriculture.crafting":2,"stat.entityKilledBy.ZombieVillager":1,"stat.pickup.sky_orchards.sapling_clay":22,"stat.useItem.minecraft.stone_sword":84,"stat.damageDealt":8972,"stat.mineBlock.sky_orchards.log_bone":35,"stat.craftItem.minecraft.glass":1,"stat.pickup.pickletweaks.dye_powder":3,"stat.mineBlock.minecraft.dirt":4,"stat.craftItem.minecraft.gravel":2,"stat.craftItem.sky_orchards.amber_tin":1,"stat.pickup.sky_orchards.acorn_bone":60,"stat.walkOneCm":693081,"stat.useItem.slabmachines.chest_slab":1,"stat.craftItem.tconstruct.channel":6,"stat.playerKills":1,"stat.useItem.minecraft.chest":1,"stat.mineBlock.sky_orchards.sapling_dirt":3,"stat.pickup.minecraft.stick":2,"stat.pickup.sky_orchards.sapling_bone":27,"stat.craftItem.minecraft.crafting_table":1,"stat.craftItem.inspirations.wooden_crook":7,"stat.pickup.sky_orchards.acorn_clay":23,"stat.craftItem.slabmachines.chest_slab":2,"stat.pickup.minecraft.log":472,"stat.drop.sky_orchards.acorn_gravel":2,"stat.mineBlock.sky_orchards.log_gravel":55,"stat.drop.inspirations.wooden_crook":1,"stat.pickup.sky_orchards.resin_gravel":108,"stat.pickup.sky_orchards.acorn_gravel":65,"stat.pickup.sky_orchards.acorn_sand":41,"stat.pickup.minecraft.sapling":2,"stat.pickup.sky_orchards.sapling_gravel":25,"stat.killEntity.Skeleton":7,"stat.mineBlock.sky_orchards.sapling_gravel":1,"stat.craftItem.minecraft.planks":420,"stat.entityKilledBy.rogue_android":3,"stat.killEntity.rogue_android":1,"stat.craftItem.minecraft.dirt":3,"stat.killEntity.Spider":6,"stat.mobKills":39,"stat.pickup.slabmachines.chest_slab":2,"stat.mineBlock.minecraft.log":94,"stat.mineBlock.sky_orchards.log_clay":34,"stat.mineBlock.minecraft.leaves":23,"stat.sneakTime":13835,"stat.mineBlock.sky_orchards.log_cottonwood":6,"stat.drop.minecraft.stone_axe":2,"stat.useItem.minecraft.wooden_axe":279,"stat.craftItem.minecraft.cobblestone":24,"stat.useItem.sky_orchards.sapling_dirt":12,"stat.mineBlock.sky_orchards.log_petrified":113,"stat.drop.minecraft.wooden_axe":1}