{"stat.mineBlock.sky_orchards.log_coal":22,"stat.pickup.minecraft.wooden_slab":747,"stat.leaveGame":11,"stat.useItem.chineseworkshop.oak_wall":46,"stat.pickup.tconstruct.edible":2,"stat.mineBlock.tconstruct.channel":1,"stat.pickup.rustic.crushing_tub":2,"stat.pickup.tconstruct.faucet":1,"stat.mineBlock.sky_orchards.log_dirt":180,"stat.craftItem.inspirations.dyed_bottle":6,"stat.pickup.sky_orchards.resin_cottonwood":49,"stat.craftItem.chineseworkshop.thin_wall_w":180,"stat.pickup.minecraft.rotten_flesh":22,"stat.pickup.sky_orchards.acorn_diamond":75,"stat.craftItem.sky_orchards.amber_clay":10,"stat.craftItem.sky_orchards.sapling_gravel":1,"stat.pickup.sky_orchards.sapling_dirt":508,"stat.craftItem.minecraft.stone_axe":11,"stat.killEntity.Enderman":2,"stat.mineBlock.minecraft.wooden_slab":172,"stat.pickup.integrateddynamics.menril_sapling":7,"stat.pickup.integrateddynamics.menril_berries":20,"stat.killEntity.Witch":1,"stat.pickup.sky_orchards.resin_petrified":281,"stat.craftItem.bibliocraft.shelf":3,"stat.craftItem.minecraft.bed":1,"stat.craftItem.minecraft.glass_pane":16,"stat.mineBlock.chineseworkshop.paper_window":18,"stat.furnaceInteraction":34,"stat.killEntity.ZombieVillager":1,"stat.useItem.sky_orchards.sapling_gold":2,"stat.mineBlock.bibliocraft.table":2,"stat.craftItem.sky_orchards.acorn_dirt":1,"stat.pickup.sky_orchards.acorn_coal":47,"stat.pickup.sky_orchards.acorn_dirt":341,"stat.pickup.inspirations.potato_seeds":2,"stat.pickup.sky_orchards.sapling_coal":32,"stat.useItem.minecraft.fence":34,"stat.mineBlock.minecraft.fence":13,"stat.mineBlock.sky_orchards.log_tin":14,"stat.useItem.minecraft.dye":24,"stat.deaths":40,"stat.pickup.sky_orchards.leaves_dirt":1,"stat.pickup.sky_orchards.sapling_lapis":21,"stat.killEntity.thermalfoundation.blitz":1,"stat.mineBlock.minecraft.tallgrass":216,"stat.useItem.sky_orchards.sapling_sand":4,"stat.chestOpened":1217,"stat.craftItem.minecraft.sign":24,"stat.pickup.minecraft.arrow":8,"stat.pickup.minecraft.wooden_pressure_plate":2,"stat.mineBlock.sky_orchards.leaves_iron":79,"stat.craftItem.minecraft.coal":19,"stat.useItem.sky_orchards.sapling_silver":1,"stat.useItem.sky_orchards.sapling_gravel":17,"stat.crouchOneCm":194419,"stat.mineBlock.minecraft.chest":22,"stat.craftItem.minecraft.diamond":8,"stat.craftItem.minecraft.iron_ingot":18,"stat.pickup.rustic.grape_stem":4,"stat.craftItem.malisisdoors.big_door_oak_3x3":2,"stat.pickup.sky_orchards.resin_lapis":42,"stat.pickup.bibliocraft.label":3,"stat.mineBlock.minecraft.wooden_pressure_plate":2,"stat.mineBlock.tconstruct.rack":16,"stat.pickup.sky_orchards.sapling_tin":18,"stat.pickup.sky_orchards.acorn_redstone":4,"stat.mineBlock.minecraft.log2":79,"stat.craftItem.minecraft.wooden_sword":3,"stat.pickup.minecraft.dye":60,"stat.pickup.minecraft.planks":268,"stat.pickup.sky_orchards.resin_iron":143,"stat.pickup.minecraft.wheat_seeds":7,"stat.useItem.chineseworkshop.thin_wall_w":156,"stat.mineBlock.minecraft.dirt":36,"stat.pickup.sky_orchards.acorn_iron":64,"stat.mineBlock.sky_orchards.leaves_lapis":28,"stat.pickup.sky_orchards.sapling_iron":56,"stat.pickup.inspirations.carrot_seeds":6,"stat.useItem.minecraft.cobblestone":62,"stat.useItem.minecraft.gravel":24,"stat.mineBlock.sky_orchards.sapling_clay":1,"stat.pickup.sky_orchards.resin_gravel":262,"stat.craftItem.integrateddynamics.drying_basin":2,"stat.pickup.sky_orchards.resin_silver":7,"stat.drop.sky_orchards.sapling_lapis":1,"stat.pickup.minecraft.apple":1,"stat.useItem.minecraft.glass_pane":14,"stat.mineBlock.sky_orchards.sapling_gravel":3,"stat.craftItem.minecraft.planks":2280,"stat.craftItem.minecraft.dirt":60,"stat.pickup.morecauldrons.oak_cauldron":12,"stat.mineBlock.integrateddynamics.menril_log":28,"stat.mineBlock.minecraft.log":90,"stat.craftItem.minecraft.wooden_door":18,"stat.useItem.minecraft.wooden_door":1,"stat.craftItem.minecraft.paper":10,"stat.useItem.sky_orchards.sapling_diamond":11,"stat.pickup.minecraft.red_flower":6,"stat.mineBlock.sky_orchards.log_cottonwood":21,"stat.useItem.minecraft.wooden_axe":282,"stat.craftItem.minecraft.cobblestone":20,"stat.useItem.minecraft.iron_axe":252,"stat.pickup.bibliocraft.seatback1":2,"stat.mineBlock.minecraft.cobblestone":141,"stat.pickup.minecraft.stone_pickaxe":6,"stat.pickup.minecraft.flint":30,"stat.mineBlock.minecraft.yellow_flower":15,"stat.killEntity.Human":8,"stat.craftItem.minecraft.wool":18,"stat.pickup.bibliocraft.shelf":4,"stat.pickup.pickletweaks.coal_piece":14,"stat.drop.minecraft.cobblestone":20,"stat.mineBlock.morecauldrons.oak_cauldron":12,"stat.pickup.integrateddynamics.drying_basin":1,"stat.pickup.chineseworkshop.upper_door_frame":5,"stat.mineBlock.sky_orchards.leaves_redstone":14,"stat.useItem.minecraft.stone_slab2":342,"stat.mineBlock.chineseworkshop.oak_wall":43,"stat.craftItem.minecraft.furnace":1,"stat.craftItem.minecraft.lapis_block":2,"stat.mineBlock.sky_orchards.leaves_dirt":94,"stat.pickup.minecraft.shears":4,"stat.craftItem.sky_orchards.amber_gold":1,"stat.pickup.rustic.table_oak":3,"stat.flyOneCm":422665,"stat.mineBlock.sky_orchards.leaves_coal":103,"stat.timeSinceDeath":9031,"stat.useItem.minecraft.wooden_slab":2347,"stat.craftItem.minecraft.iron_block":1,"stat.useItem.tconstruct.rack":15,"stat.craftItem.bibliocraft.fancysign":2,"stat.pickup.sky_orchards.acorn_lead":20,"stat.killEntity.Creeper":7,"stat.mineBlock.sky_orchards.leaves_diamond":111,"stat.pickup.minecraft.wooden_sword":3,"stat.pickup.minecraft.string":35,"stat.pickup.tombstone.crafting_ingredient":2,"stat.entityKilledBy.Skeleton":4,"stat.drop.sky_orchards.acorn_petrified":2,"stat.craftItem.tconstruct.stone_stick":8,"stat.useItem.sky_orchards.sapling_petrified":22,"stat.craftItem.tconstruct.tooltables":4,"stat.sprintOneCm":1494533,"stat.craftItem.minecraft.wooden_axe":8,"stat.useItem.carryon.tile_item":25,"stat.mineBlock.sky_orchards.leaves_petrified":209,"stat.craftItem.chineseworkshop.upper_door_frame":37,"stat.pickup.sky_orchards.leaves_gravel":1,"stat.pickup.inspirations.wooden_crook":3,"stat.craftItem.minecraft.wooden_pressure_plate":10,"stat.mineBlock.sky_orchards.log_lead":4,"stat.pickup.minecraft.sugar":1,"stat.useItem.minecraft.wooden_sword":188,"stat.pickup.sky_orchards.resin_diamond":95,"stat.drop.tombstone.grave_key":2,"stat.pickup.tombstone.grave_key":2,"stat.mineBlock.bibliocraft.armorstand":4,"stat.killEntity.Zombie":4,"stat.craftItem.chineseworkshop.paper_window":16,"stat.craftItem.minecraft.dye":82,"stat.mineBlock.rustic.table_oak":3,"stat.craftItem.minecraft.diamond_axe":1,"stat.diveOneCm":560,"stat.pickup.tconstruct.tooltables":7,"stat.pickup.minecraft.sign":30,"stat.mineBlock.bibliocraft.shelf":3,"stat.pickup.minecraft.stone_axe":6,"stat.pickup.sky_orchards.resin_clay":89,"stat.craftItem.minecraft.diamond_sword":1,"stat.jump":2422,"stat.pickup.minecraft.coal":1,"stat.useItem.sky_orchards.sapling_redstone":1,"stat.pickup.minecraft.gunpowder":8,"stat.drop.minecraft.wooden_sword":6,"stat.pickup.malisisdoors.big_door_oak_3x3":3,"stat.mineBlock.sky_orchards.log_sand":34,"stat.craftItem.minecraft.torch":35,"stat.pickup.minecraft.dirt":37,"stat.craftItem.sky_orchards.sapling_lapis":1,"stat.pickup.sky_orchards.resin_bone":222,"stat.useItem.minecraft.sapling":11,"stat.pickup.minecraft.iron_axe":1,"stat.damageTaken":11155,"stat.craftItem.bibliocraft.toolrack":2,"stat.mineBlock.minecraft.torch":36,"stat.mineBlock.minecraft.red_flower":4,"stat.pickup.minecraft.log2":126,"stat.drop.sky_orchards.sapling_silver":1,"stat.craftItem.sky_orchards.amber_lead":2,"stat.pickup.minecraft.bed":7,"stat.useItem.integrateddynamics.menril_log":4,"stat.mineBlock.minecraft.fence_gate":1,"stat.entityKilledBy.Zombie":2,"stat.pickup.minecraft.diamond_axe":1,"stat.pickup.sky_orchards.sapling_clay":78,"stat.pickup.statues.blockplayerstatue":13,"stat.killEntity.bouncy_creepers.bouncy_creeper":2,"stat.craftItem.chineseworkshop.wooden_window_door":4,"stat.useItem.bibliocraft.shelf":4,"stat.pickup.chineseworkshop.paper_window":18,"stat.useItem.minecraft.chest":18,"stat.pickup.sky_orchards.sapling_bone":166,"stat.useItem.minecraft.lava_bucket":1,"stat.craftItem.morecauldrons.oak_cauldron":12,"stat.craftItem.slabmachines.chest_slab":70,"stat.craftItem.sky_orchards.amber_silver":1,"stat.drop.inspirations.wooden_crook":2,"stat.craftItem.rustic.crushing_tub":1,"stat.mineBlock.sky_orchards.leaves_lead":8,"stat.mineBlock.sky_orchards.log_diamond":68,"stat.drop.minecraft.wooden_slab":3,"stat.mineBlock.integrateddynamics.menril_leaves":81,"stat.entityKilledBy.rogue_android":3,"stat.mineBlock.bibliocraft.label":3,"stat.mobKills":61,"stat.mineBlock.sky_orchards.log_gold":10,"stat.craftItem.rustic.table_oak":4,"stat.pickup.minecraft.beetroot_seeds":4,"stat.mineBlock.rustic.crushing_tub":2,"stat.pickup.minecraft.torch":44,"stat.drop.minecraft.stone_axe":6,"stat.mineBlock.sky_orchards.log_petrified":77,"stat.useItem.minecraft.string":1,"stat.useItem.sky_orchards.sapling_cottonwood":3,"stat.mineBlock.bibliocraft.fancysign":1,"stat.pickup.sky_orchards.resin_lead":12,"stat.useItem.minecraft.planks":379,"stat.mineBlock.sky_orchards.leaves_tin":3,"stat.craftItem.sky_orchards.sapling_petrified":1,"stat.craftItem.horsepower.hand_grindstone":1,"stat.mineBlock.chineseworkshop.upper_door_frame":4,"stat.useItem.sky_orchards.sapling_iron":14,"stat.useItem.minecraft.water_bucket":5,"stat.drop.sky_orchards.sapling_petrified":3,"stat.pickup.minecraft.sand":3,"stat.pickup.bibliocraft.fancysign":1,"stat.mineBlock.malisisdoors.big_door_oak_3x3":3,"stat.pickup.bibliocraft.armorstand":4,"stat.pickup.chineseworkshop.oak_wall":43,"stat.craftItem.bibliocraft.armorstand":1,"stat.drop.ceramics.clay_bucket":1,"stat.useItem.minecraft.oak_stairs":66,"stat.pickup.xlfoodmod.lettuce_seeds":6,"stat.mineBlock.sky_orchards.leaves_gold":61,"stat.pickup.minecraft.fence_gate":1,"stat.pickup.minecraft.skull":5,"stat.useItem.rustic.table_oak":2,"stat.pickup.minecraft.stone_stairs":4,"stat.craftItem.minecraft.sand":11,"stat.craftItem.minecraft.fence_gate":1,"stat.craftItem.bibliocraft.seatback1":4,"stat.pickup.minecraft.pumpkin_seeds":3,"stat.drop.tconstruct.faucet":1,"stat.mineBlock.minecraft.oak_stairs":66,"stat.playOneMinute":973600,"stat.pickup.tconstruct.rack":16,"stat.useItem.sky_orchards.acorn_dirt":2,"stat.useItem.integrateddynamics.menril_sapling":1,"stat.entityKilledBy.thermalfoundation.blitz":2,"stat.pickup.tconstruct.casting":2,"stat.pickup.sky_orchards.acorn_petrified":155,"stat.craftItem.sky_orchards.sapling_diamond":1,"stat.useItem.inspirations.wooden_crook":209,"stat.pickup.sky_orchards.resin_sand":101,"stat.mineBlock.tconstruct.faucet":1,"stat.pickup.sky_orchards.resin_gold":18,"stat.fallOneCm":1517829,"stat.drop.sky_orchards.leaves_gravel":1,"stat.pickup.minecraft.melon_seeds":2,"stat.mineBlock.slabmachines.chest_slab":29,"stat.craftItem.minecraft.chest":45,"stat.mineBlock.sky_orchards.leaves_sand":50,"stat.pickup.sky_orchards.sapling_sand":36,"stat.craftItem.bibliocraft.seat":3,"stat.pickup.sky_orchards.resin_tin":50,"stat.pickup.tconstruct.channel":1,"stat.pickup.sky_orchards.sapling_gold":12,"stat.mineBlock.minecraft.gravel":15,"stat.mineBlock.sky_orchards.sapling_petrified":4,"stat.useItem.minecraft.stone_pickaxe":158,"stat.mineBlock.sky_orchards.log_bone":49,"stat.mineBlock.sky_orchards.sapling_diamond":2,"stat.craftItem.minecraft.oak_stairs":40,"stat.craftItem.sky_orchards.amber_tin":16,"stat.useItem.minecraft.torch":55,"stat.mineBlock.sky_orchards.sapling_dirt":3,"stat.pickup.advancementbook.advancement_book":1,"stat.useItem.minecraft.log":201,"stat.pickup.sky_orchards.acorn_gold":11,"stat.craftItem.minecraft.crafting_table":5,"stat.craftItem.ceramics.clay_bucket":1,"stat.useItem.sky_orchards.leaves_cottonwood":2,"stat.pickup.minecraft.log":995,"stat.pickup.matteroverdrive.rogue_android_part":1,"stat.pickup.sky_orchards.acorn_sand":49,"stat.craftItem.bibliocraft.table":2,"stat.pickup.sky_orchards.amber_tin":32,"stat.pickup.minecraft.sapling":40,"stat.useItem.xlfoodmod.donut":2,"stat.killEntity.rogue_android":8,"stat.mineBlock.chineseworkshop.thin_wall_w":89,"stat.useItem.minecraft.wooden_pressure_plate":3,"stat.mineBlock.sky_orchards.log_clay":35,"stat.pickup.sky_orchards.acorn_lapis":14,"stat.useItem.sky_orchards.sapling_coal":2,"stat.sneakTime":64148,"stat.pickup.sky_orchards.sapling_diamond":46,"stat.pickup.minecraft.yellow_flower":17,"stat.useItem.sky_orchards.sapling_dirt":38,"stat.drop.minecraft.wooden_axe":5,"stat.pickup.minecraft.chest":26,"stat.drop.minecraft.stone_pickaxe":1,"stat.mineBlock.integrateddynamics.menril_log_filled":3,"stat.pickup.minecraft.bone":31,"stat.craftItem.ceramics.unfired_clay":1,"stat.drop.pickletweaks.coal_piece":6,"stat.mineBlock.sky_orchards.leaves_gravel":156,"stat.mineBlock.sky_orchards.leaves_silver":13,"stat.pickup.sky_orchards.resin_dirt":486,"stat.useItem.minecraft.diamond_sword":146,"stat.craftItem.sky_orchards.amber_iron":15,"stat.swimOneCm":10526,"stat.useItem.sky_orchards.sapling_lapis":2,"stat.craftItem.inspirations.stone_crook":4,"stat.drop.morecauldrons.cobble_cauldron":1,"stat.useItem.sky_orchards.sapling_bone":4,"stat.useItem.minecraft.dirt":59,"stat.craftItem.sky_orchards.sapling_bone":1,"stat.craftItem.extendedcrafting.handheld_table":1,"stat.craftItem.minecraft.stone_pickaxe":1,"stat.pickup.minecraft.cobblestone":149,"stat.mineBlock.integrateddynamics.drying_basin":1,"stat.craftItem.minecraft.glass_bottle":3,"stat.pickup.sky_orchards.sapling_lead":5,"stat.pickup.sky_orchards.resin_coal":84,"stat.craftItem.minecraft.wooden_slab":2556,"stat.pickup.sky_orchards.sapling_petrified":186,"stat.mineBlock.bibliocraft.seat":4,"stat.mineBlock.sky_orchards.leaves_cottonwood":216,"stat.useItem.minecraft.sign":26,"stat.killEntity.ranged_rogue_android":3,"stat.pickup.minecraft.wooden_axe":1,"stat.drop.minecraft.dirt":2,"stat.useItem.sky_orchards.sapling_clay":6,"stat.craftItem.tconstruct.soil":36,"stat.mineBlock.sky_orchards.leaves_clay":56,"stat.craftItem.minecraft.stone_slab2":0,"stat.pickup.sky_orchards.sapling_cottonwood":16,"stat.craftItem.minecraft.stick":160,"stat.useItem.minecraft.bed":2,"stat.craftItem.minecraft.stone":6,"stat.craftItem.bibliocraft.label":2,"stat.pickup.integrateddynamics.menril_log":31,"stat.pickup.minecraft.grass":1,"stat.craftItem.minecraft.clay_ball":40,"stat.mineBlock.minecraft.planks":220,"stat.drop":67,"stat.craftItem.sky_orchards.sapling_clay":2,"stat.pickup.integrateddynamics.crystalized_menril_chunk":6,"stat.pickup.bibliocraft.seat":4,"stat.useItem.inspirations.stone_crook":606,"stat.pickup.sky_orchards.acorn_cottonwood":61,"stat.mineBlock.sky_orchards.leaves_bone":56,"stat.pickup.minecraft.gravel":12,"stat.useItem.minecraft.glass_bottle":3,"stat.useItem.minecraft.diamond_axe":213,"stat.drop.tconstruct.channel":1,"stat.pickup.morecauldrons.cobble_cauldron":1,"stat.useItem.minecraft.potion":2,"stat.pickup.sky_orchards.acorn_tin":47,"stat.craftItem.tconstruct.rack":14,"stat.pickup.minecraft.fence":11,"stat.useItem.bibliocraft.seat":1,"stat.pickup.sky_orchards.sapling_redstone":3,"stat.useItem.minecraft.stone_axe":995,"stat.pickup.minecraft.spider_eye":10,"stat.useItem.sky_orchards.sapling_tin":2,"stat.pickup.sky_orchards.leaves_cottonwood":170,"stat.drop.inspirations.stone_crook":1,"stat.mineBlock.tconstruct.tooltables":7,"stat.mineBlock.minecraft.leaves2":24,"stat.mineBlock.sky_orchards.log_lapis":16,"stat.pickup.mysticalagriculture.crafting":6,"stat.pickup.minecraft.oak_stairs":72,"stat.damageDealt":15508,"stat.craftItem.minecraft.glass":9,"stat.sleepInBed":30,"stat.mineBlock.sky_orchards.log_iron":76,"stat.craftItem.chineseworkshop.oak_wall":18,"stat.craftItem.minecraft.gravel":31,"stat.pickup.sky_orchards.acorn_bone":274,"stat.walkOneCm":2720438,"stat.pickup.ceramics.clay_bucket":3,"stat.useItem.slabmachines.chest_slab":75,"stat.useItem.morecauldrons.oak_cauldron":9,"stat.playerKills":6,"stat.pickup.minecraft.clay_ball":28,"stat.craftItem.inspirations.wooden_crook":1,"stat.pickup.sky_orchards.acorn_clay":79,"stat.mineBlock.sky_orchards.log_silver":4,"stat.useItem.chineseworkshop.paper_window":15,"stat.drop.minecraft.diamond_axe":1,"stat.mineBlock.sky_orchards.log_gravel":84,"stat.pickup.sky_orchards.acorn_gravel":164,"stat.pickup.sky_orchards.acorn_silver":7,"stat.pickup.sky_orchards.sapling_gravel":116,"stat.pickup.sky_orchards.sapling_silver":4,"stat.killEntity.Skeleton":4,"stat.killEntity.Spider":18,"stat.pickup.slabmachines.chest_slab":42,"stat.craftItem.minecraft.fence":45,"stat.mineBlock.minecraft.leaves":7,"stat.pickup.bibliocraft.table":2,"stat.mineBlock.tconstruct.casting":2,"stat.pickup.chineseworkshop.thin_wall_w":87,"stat.craftItem.minecraft.brick":1}