{"stat.mineBlock.sky_orchards.log_coal":22,"stat.pickup.minecraft.wooden_slab":608,"stat.useItem.sky_orchards.sapling_cottonwood":2,"stat.leaveGame":8,"stat.pickup.tconstruct.edible":2,"stat.mineBlock.tconstruct.channel":1,"stat.pickup.rustic.crushing_tub":1,"stat.pickup.tconstruct.faucet":1,"stat.pickup.sky_orchards.resin_lead":6,"stat.useItem.minecraft.planks":306,"stat.mineBlock.sky_orchards.leaves_tin":3,"stat.craftItem.sky_orchards.sapling_petrified":1,"stat.mineBlock.sky_orchards.log_dirt":180,"stat.pickup.sky_orchards.resin_cottonwood":17,"stat.useItem.sky_orchards.sapling_iron":3,"stat.drop.sky_orchards.sapling_petrified":3,"stat.pickup.minecraft.rotten_flesh":12,"stat.craftItem.sky_orchards.amber_clay":10,"stat.craftItem.sky_orchards.sapling_gravel":1,"stat.pickup.sky_orchards.sapling_dirt":508,"stat.craftItem.minecraft.stone_axe":10,"stat.killEntity.Enderman":1,"stat.mineBlock.minecraft.wooden_slab":77,"stat.pickup.sky_orchards.resin_petrified":211,"stat.craftItem.minecraft.bed":1,"stat.drop.ceramics.clay_bucket":1,"stat.useItem.minecraft.oak_stairs":32,"stat.furnaceInteraction":17,"stat.killEntity.ZombieVillager":1,"stat.craftItem.sky_orchards.acorn_dirt":1,"stat.pickup.sky_orchards.acorn_coal":29,"stat.pickup.sky_orchards.acorn_dirt":341,"stat.pickup.sky_orchards.sapling_coal":20,"stat.useItem.minecraft.fence":8,"stat.pickup.minecraft.skull":5,"stat.craftItem.minecraft.sand":11,"stat.mineBlock.sky_orchards.log_tin":14,"stat.drop.tconstruct.faucet":1,"stat.mineBlock.minecraft.oak_stairs":27,"stat.deaths":25,"stat.playOneMinute":664299,"stat.pickup.tconstruct.rack":11,"stat.useItem.sky_orchards.acorn_dirt":2,"stat.pickup.sky_orchards.sapling_lapis":10,"stat.useItem.sky_orchards.sapling_sand":4,"stat.chestOpened":831,"stat.entityKilledBy.thermalfoundation.blitz":2,"stat.craftItem.minecraft.sign":24,"stat.pickup.tconstruct.casting":1,"stat.pickup.minecraft.arrow":7,"stat.pickup.sky_orchards.acorn_petrified":142,"stat.mineBlock.sky_orchards.leaves_iron":77,"stat.useItem.inspirations.wooden_crook":209,"stat.pickup.sky_orchards.resin_sand":85,"stat.craftItem.minecraft.coal":10,"stat.mineBlock.tconstruct.faucet":1,"stat.useItem.sky_orchards.sapling_gravel":17,"stat.fallOneCm":1063443,"stat.mineBlock.slabmachines.chest_slab":10,"stat.crouchOneCm":160044,"stat.mineBlock.minecraft.chest":21,"stat.craftItem.minecraft.chest":39,"stat.pickup.rustic.grape_stem":4,"stat.craftItem.malisisdoors.big_door_oak_3x3":2,"stat.pickup.sky_orchards.resin_lapis":18,"stat.mineBlock.sky_orchards.leaves_sand":45,"stat.pickup.sky_orchards.sapling_sand":21,"stat.mineBlock.tconstruct.rack":11,"stat.pickup.sky_orchards.sapling_tin":10,"stat.pickup.sky_orchards.resin_tin":22,"stat.mineBlock.minecraft.log2":79,"stat.craftItem.minecraft.wooden_sword":3,"stat.pickup.tconstruct.channel":1,"stat.pickup.minecraft.dye":22,"stat.pickup.minecraft.planks":167,"stat.pickup.sky_orchards.resin_iron":17,"stat.mineBlock.minecraft.gravel":15,"stat.mineBlock.sky_orchards.sapling_petrified":4,"stat.useItem.minecraft.stone_pickaxe":142,"stat.mineBlock.sky_orchards.log_bone":49,"stat.craftItem.minecraft.oak_stairs":40,"stat.mineBlock.minecraft.dirt":36,"stat.pickup.sky_orchards.acorn_iron":6,"stat.craftItem.sky_orchards.amber_tin":16,"stat.mineBlock.sky_orchards.leaves_lapis":24,"stat.useItem.minecraft.torch":23,"stat.pickup.sky_orchards.sapling_iron":16,"stat.mineBlock.sky_orchards.sapling_dirt":3,"stat.useItem.minecraft.log":169,"stat.useItem.minecraft.cobblestone":62,"stat.craftItem.minecraft.crafting_table":3,"stat.useItem.minecraft.gravel":24,"stat.craftItem.ceramics.clay_bucket":1,"stat.mineBlock.sky_orchards.sapling_clay":1,"stat.pickup.minecraft.log":824,"stat.pickup.sky_orchards.resin_gravel":262,"stat.pickup.sky_orchards.acorn_sand":45,"stat.pickup.sky_orchards.amber_tin":16,"stat.pickup.minecraft.sapling":33,"stat.drop.sky_orchards.sapling_lapis":1,"stat.pickup.minecraft.apple":1,"stat.useItem.xlfoodmod.donut":2,"stat.mineBlock.sky_orchards.sapling_gravel":3,"stat.craftItem.minecraft.planks":1752,"stat.killEntity.rogue_android":3,"stat.craftItem.minecraft.dirt":60,"stat.pickup.morecauldrons.oak_cauldron":2,"stat.mineBlock.minecraft.log":81,"stat.craftItem.minecraft.wooden_door":18,"stat.mineBlock.sky_orchards.log_clay":35,"stat.useItem.minecraft.wooden_door":1,"stat.pickup.sky_orchards.acorn_lapis":10,"stat.craftItem.minecraft.paper":10,"stat.useItem.sky_orchards.sapling_coal":2,"stat.sneakTime":51832,"stat.mineBlock.sky_orchards.log_cottonwood":12,"stat.useItem.minecraft.wooden_axe":282,"stat.craftItem.minecraft.cobblestone":20,"stat.useItem.sky_orchards.sapling_dirt":38,"stat.drop.minecraft.wooden_axe":4,"stat.pickup.minecraft.chest":25,"stat.drop.minecraft.stone_pickaxe":1,"stat.pickup.minecraft.bone":4,"stat.craftItem.ceramics.unfired_clay":1,"stat.drop.pickletweaks.coal_piece":6,"stat.mineBlock.minecraft.cobblestone":126,"stat.mineBlock.sky_orchards.leaves_gravel":156,"stat.pickup.minecraft.stone_pickaxe":3,"stat.pickup.minecraft.flint":30,"stat.killEntity.Human":4,"stat.pickup.sky_orchards.resin_dirt":486,"stat.craftItem.minecraft.wool":3,"stat.pickup.pickletweaks.coal_piece":9,"stat.swimOneCm":7763,"stat.useItem.sky_orchards.sapling_lapis":2,"stat.drop.minecraft.cobblestone":18,"stat.mineBlock.morecauldrons.oak_cauldron":2,"stat.craftItem.inspirations.stone_crook":3,"stat.drop.morecauldrons.cobble_cauldron":1,"stat.useItem.sky_orchards.sapling_bone":4,"stat.useItem.minecraft.dirt":54,"stat.useItem.minecraft.stone_slab2":227,"stat.craftItem.minecraft.furnace":1,"stat.craftItem.minecraft.lapis_block":2,"stat.craftItem.sky_orchards.sapling_bone":1,"stat.craftItem.minecraft.stone_pickaxe":1,"stat.mineBlock.sky_orchards.leaves_dirt":94,"stat.pickup.minecraft.cobblestone":123,"stat.flyOneCm":239989,"stat.craftItem.minecraft.glass_bottle":3,"stat.mineBlock.sky_orchards.leaves_coal":101,"stat.pickup.sky_orchards.sapling_lead":3,"stat.pickup.sky_orchards.resin_coal":46,"stat.craftItem.minecraft.wooden_slab":2022,"stat.pickup.sky_orchards.sapling_petrified":123,"stat.timeSinceDeath":42006,"stat.mineBlock.sky_orchards.leaves_cottonwood":97,"stat.useItem.minecraft.sign":17,"stat.useItem.minecraft.wooden_slab":1935,"stat.killEntity.ranged_rogue_android":1,"stat.pickup.minecraft.wooden_axe":1,"stat.drop.minecraft.dirt":2,"stat.useItem.sky_orchards.sapling_clay":6,"stat.useItem.tconstruct.rack":4,"stat.pickup.sky_orchards.acorn_lead":10,"stat.killEntity.Creeper":3,"stat.pickup.minecraft.wooden_sword":3,"stat.craftItem.tconstruct.soil":36,"stat.pickup.minecraft.string":26,"stat.mineBlock.sky_orchards.leaves_clay":56,"stat.entityKilledBy.Skeleton":3,"stat.drop.sky_orchards.acorn_petrified":2,"stat.craftItem.minecraft.stone_slab2":0,"stat.pickup.sky_orchards.sapling_cottonwood":14,"stat.craftItem.tconstruct.stone_stick":8,"stat.useItem.sky_orchards.sapling_petrified":22,"stat.craftItem.tconstruct.tooltables":3,"stat.sprintOneCm":862866,"stat.craftItem.minecraft.stick":104,"stat.craftItem.minecraft.wooden_axe":8,"stat.useItem.carryon.tile_item":15,"stat.mineBlock.sky_orchards.leaves_petrified":209,"stat.pickup.inspirations.wooden_crook":2,"stat.craftItem.minecraft.clay_ball":40,"stat.mineBlock.sky_orchards.log_lead":4,"stat.mineBlock.minecraft.planks":116,"stat.drop":56,"stat.useItem.minecraft.wooden_sword":188,"stat.craftItem.sky_orchards.sapling_clay":2,"stat.killEntity.Zombie":1,"stat.craftItem.chineseworkshop.paper_window":16,"stat.craftItem.minecraft.dye":18,"stat.diveOneCm":560,"stat.useItem.inspirations.stone_crook":354,"stat.pickup.tconstruct.tooltables":1,"stat.pickup.sky_orchards.acorn_cottonwood":27,"stat.pickup.minecraft.sign":7,"stat.mineBlock.sky_orchards.leaves_bone":53,"stat.pickup.minecraft.gravel":12,"stat.useItem.minecraft.glass_bottle":3,"stat.pickup.minecraft.stone_axe":5,"stat.drop.tconstruct.channel":1,"stat.pickup.morecauldrons.cobble_cauldron":1,"stat.useItem.minecraft.potion":2,"stat.pickup.sky_orchards.resin_clay":89,"stat.jump":1493,"stat.pickup.sky_orchards.acorn_tin":21,"stat.craftItem.tconstruct.rack":4,"stat.useItem.minecraft.stone_axe":773,"stat.pickup.minecraft.gunpowder":6,"stat.drop.minecraft.wooden_sword":5,"stat.pickup.minecraft.spider_eye":7,"stat.mineBlock.sky_orchards.log_sand":34,"stat.craftItem.minecraft.torch":22,"stat.pickup.minecraft.dirt":37,"stat.useItem.sky_orchards.sapling_tin":2,"stat.craftItem.sky_orchards.sapling_lapis":1,"stat.pickup.sky_orchards.resin_bone":155,"stat.useItem.minecraft.sapling":11,"stat.drop.inspirations.stone_crook":1,"stat.mineBlock.tconstruct.tooltables":1,"stat.mineBlock.minecraft.leaves2":24,"stat.mineBlock.sky_orchards.log_lapis":12,"stat.damageTaken":7129,"stat.mineBlock.minecraft.torch":16,"stat.pickup.minecraft.log2":126,"stat.pickup.mysticalagriculture.crafting":3,"stat.craftItem.sky_orchards.amber_lead":2,"stat.pickup.minecraft.bed":3,"stat.pickup.minecraft.oak_stairs":25,"stat.entityKilledBy.Zombie":1,"stat.pickup.sky_orchards.sapling_clay":78,"stat.pickup.statues.blockplayerstatue":12,"stat.killEntity.bouncy_creepers.bouncy_creeper":2,"stat.damageDealt":7966,"stat.craftItem.minecraft.glass":3,"stat.craftItem.chineseworkshop.wooden_window_door":4,"stat.sleepInBed":18,"stat.mineBlock.sky_orchards.log_iron":9,"stat.craftItem.minecraft.gravel":31,"stat.pickup.sky_orchards.acorn_bone":182,"stat.walkOneCm":1619355,"stat.pickup.ceramics.clay_bucket":3,"stat.useItem.slabmachines.chest_slab":45,"stat.useItem.morecauldrons.oak_cauldron":6,"stat.playerKills":3,"stat.useItem.minecraft.chest":18,"stat.pickup.sky_orchards.sapling_bone":122,"stat.pickup.minecraft.clay_ball":28,"stat.craftItem.inspirations.wooden_crook":1,"stat.pickup.sky_orchards.acorn_clay":79,"stat.craftItem.morecauldrons.oak_cauldron":12,"stat.craftItem.slabmachines.chest_slab":58,"stat.mineBlock.sky_orchards.log_gravel":84,"stat.drop.inspirations.wooden_crook":2,"stat.craftItem.rustic.crushing_tub":1,"stat.pickup.sky_orchards.acorn_gravel":163,"stat.mineBlock.sky_orchards.leaves_lead":8,"stat.drop.minecraft.wooden_slab":3,"stat.pickup.sky_orchards.sapling_gravel":114,"stat.killEntity.Skeleton":2,"stat.entityKilledBy.rogue_android":2,"stat.killEntity.Spider":10,"stat.mobKills":28,"stat.pickup.slabmachines.chest_slab":12,"stat.craftItem.minecraft.fence":9,"stat.mineBlock.minecraft.leaves":7,"stat.mineBlock.rustic.crushing_tub":1,"stat.pickup.minecraft.torch":20,"stat.mineBlock.tconstruct.casting":1,"stat.drop.minecraft.stone_axe":4,"stat.mineBlock.sky_orchards.log_petrified":77}