{
	"type": "minecraft:block",
	"pools": [
		{
			"rolls": 1,
			"entries": [
				{
					"type": "minecraft:item",
					"name": "minecraft:firework_rocket",
					"functions": [
						{
							"function": "set_nbt",
							"tag": "{PaintedBlock:1b, HideFlags:32, Fireworks:{Explosions:[{Colors:[-300000,-300000,-300000]}]}, display:{Name:\"{\\\"translate\\\":\\\"block.minecraft.mushroom_stem\\\",\\\"italic\\\":\\\"false\\\"}\"}, CustomModelData:300001}"
						}
					],
					"conditions": [
						{
							"condition": "minecraft:match_tool",
							"predicate": {
								"enchantments": [
									{
										"enchantment": "minecraft:silk_touch",
										"levels": {
											"min": 1
										}
									}
								]
							}
						},
						{
							"condition": "minecraft:block_state_property",
							"block": "minecraft:mushroom_stem",
							"properties": {
								"down": false,
								"east": true,
								"north": true,
								"south": true,
								"up": false,
								"west": true
							}
						}
					]
				},
				{
					"type": "minecraft:alternatives",
          "children": [
						{
							"type": "minecraft:item",
							"name": "minecraft:firework_rocket",
							"functions": [
								{
									"function": "set_nbt",
									"tag": "{PaintedBlock:1b, HideFlags:32, Fireworks:{Explosions:[{Colors:[-300000,-300000,-300000]}]}, display:{Name:\"{\\\"translate\\\":\\\"block.minecraft.red_mushroom_block\\\",\\\"italic\\\":\\\"false\\\"}\"}, CustomModelData:300002}"
								}
							],
              "conditions": [
                {
                  "condition": "minecraft:match_tool",
                  "predicate": {
                    "enchantments": [
                      {
                        "enchantment": "minecraft:silk_touch",
                        "levels": {
                          "min": 1
                        }
                      }
                    ]
                  }
                }
              ]
						},
            {
              "type": "minecraft:item",
              "functions": [
                {
                  "function": "minecraft:set_count",
                  "count": {
                    "min": -6.0,
                    "max": 2.0,
                    "type": "minecraft:uniform"
                  }
                },
                {
                  "function": "minecraft:limit_count",
                  "limit": {
                    "min": 0
                  }
                },
                {
                  "function": "minecraft:explosion_decay"
                }
              ],
              "name": "minecraft:red_mushroom"
            }
					],
					"conditions": [
						{
							"condition": "minecraft:block_state_property",
							"block": "minecraft:mushroom_stem",
							"properties": {
								"down": true,
								"east": false,
								"north": false,
								"south": false,
								"up": false,
								"west": false
							}
						}
					]
				},
				{
					"type": "minecraft:alternatives",
          "children": [
						{
							"type": "minecraft:item",
							"name": "minecraft:firework_rocket",
							"functions": [
								{
									"function": "set_nbt",
									"tag": "{PaintedBlock:1b, HideFlags:32, Fireworks:{Explosions:[{Colors:[-300000,-300000,-300000]}]}, display:{Name:\"{\\\"translate\\\":\\\"block.minecraft.brown_mushroom_block\\\",\\\"italic\\\":\\\"false\\\"}\"}, CustomModelData:300000}"
								}
							],
              "conditions": [
                {
                  "condition": "minecraft:match_tool",
                  "predicate": {
                    "enchantments": [
                      {
                        "enchantment": "minecraft:silk_touch",
                        "levels": {
                          "min": 1
                        }
                      }
                    ]
                  }
                }
              ]
						},
            {
              "type": "minecraft:item",
              "functions": [
                {
                  "function": "minecraft:set_count",
                  "count": {
                    "min": -6.0,
                    "max": 2.0,
                    "type": "minecraft:uniform"
                  }
                },
                {
                  "function": "minecraft:limit_count",
                  "limit": {
                    "min": 0
                  }
                },
                {
                  "function": "minecraft:explosion_decay"
                }
              ],
              "name": "minecraft:brown_mushroom"
            }
					],
					"conditions": [
						{
							"condition": "minecraft:block_state_property",
							"block": "minecraft:mushroom_stem",
							"properties": {
								"down": true,
								"east": true,
								"north": true,
								"south": true,
								"up": true,
								"west": true
							}
						}
					]
				},
				{
					"type": "minecraft:item",
					"name": "minecraft:firework_rocket",
					"functions": [
						{
							"function": "set_nbt",
							"tag": "{PaintedBlock:1b, HideFlags:32, Fireworks:{Explosions:[{Colors:[-300000,-300000,-300000]}]}, display:{Name:\"{\\\"text\\\":\\\"Mushroom Inside\\\",\\\"italic\\\":\\\"false\\\"}\"}, CustomModelData:300003}"
						}
					],
					"conditions": [
						{
							"condition": "minecraft:block_state_property",
							"block": "minecraft:mushroom_stem",
							"properties": {
								"down": false,
								"east": false,
								"north": false,
								"south": false,
								"up": false,
								"west": false
							}
						}
					]
				},
				{
					"type": "minecraft:item",
					"name": "minecraft:firework_rocket",
					"functions": [
						{
							"function": "set_nbt",
							"tag": "{PaintedBlock:1b, HideFlags:32, Fireworks:{Explosions:[{Colors:[-300000,-300000,-300000]}]}, display:{Name:\"{\\\"text\\\":\\\"Basalt\\\",\\\"italic\\\":\\\"false\\\"}\"}, CustomModelData:300004}"
						}
					],
					"conditions": [
						{
							"condition": "minecraft:block_state_property",
							"block": "minecraft:mushroom_stem",
							"properties": {
								"down": true,
								"east": true,
								"north": true,
								"south": true,
								"up": false,
								"west": true
							}
						}
					]
				},
				{
					"type": "minecraft:item",
					"name": "minecraft:firework_rocket",
					"functions": [
						{
							"function": "set_nbt",
							"tag": "{PaintedBlock:1b, HideFlags:32, Fireworks:{Explosions:[{Colors:[-300000,-300000,-300000]}]}, display:{Name:\"{\\\"text\\\":\\\"Basalt Cobblestone\\\",\\\"italic\\\":\\\"false\\\"}\"}, CustomModelData:300005}"
						}
					],
					"conditions": [
						{
							"condition": "minecraft:block_state_property",
							"block": "minecraft:mushroom_stem",
							"properties": {
								"down": true,
								"east": true,
								"north": true,
								"south": true,
								"up": true,
								"west": false
							}
						}
					]
				},
				{
					"type": "minecraft:item",
					"name": "minecraft:firework_rocket",
					"functions": [
						{
							"function": "set_nbt",
							"tag": "{PaintedBlock:1b, HideFlags:32, Fireworks:{Explosions:[{Colors:[-300000,-300000,-300000]}]}, display:{Name:\"{\\\"text\\\":\\\"Basalt Brick\\\",\\\"italic\\\":\\\"false\\\"}\"}, CustomModelData:300006}"
						}
					],
					"conditions": [
						{
							"condition": "minecraft:block_state_property",
							"block": "minecraft:mushroom_stem",
							"properties": {
								"down": true,
								"east": true,
								"north": true,
								"south": true,
								"up": false,
								"west": false
							}
						}
					]
				},
				{
					"type": "minecraft:item",
					"name": "minecraft:firework_rocket",
					"functions": [
						{
							"function": "set_nbt",
							"tag": "{PaintedBlock:1b, HideFlags:32, Fireworks:{Explosions:[{Colors:[-300000,-300000,-300000]}]}, display:{Name:\"{\\\"text\\\":\\\"Polished Basalt\\\",\\\"italic\\\":\\\"false\\\"}\"}, CustomModelData:300007}"
						}
					],
					"conditions": [
						{
							"condition": "minecraft:block_state_property",
							"block": "minecraft:mushroom_stem",
							"properties": {
								"down": true,
								"east": true,
								"north": true,
								"south": false,
								"up": true,
								"west": true
							}
						}
					]
				},
				{
					"type": "minecraft:item",
					"name": "minecraft:firework_rocket",
					"functions": [
						{
							"function": "set_nbt",
							"tag": "{PaintedBlock:1b, HideFlags:32, Fireworks:{Explosions:[{Colors:[-300000,-300000,-300000]}]}, display:{Name:\"{\\\"text\\\":\\\"Purpleheart Wood\\\",\\\"italic\\\":\\\"false\\\"}\"}, CustomModelData:300008}"
						}
					],
					"conditions": [
						{
							"condition": "minecraft:block_state_property",
							"block": "minecraft:mushroom_stem",
							"properties": {
								"down": true,
								"east": true,
								"north": true,
								"south": false,
								"up": true,
								"west": false
							}
						}
					]
				},
				{
					"type": "minecraft:item",
					"name": "minecraft:firework_rocket",
					"functions": [
						{
							"function": "set_nbt",
							"tag": "{PaintedBlock:1b, HideFlags:32, Fireworks:{Explosions:[{Colors:[-300000,-300000,-300000]}]}, display:{Name:\"{\\\"text\\\":\\\"Purpleheart Log\\\",\\\"italic\\\":\\\"false\\\"}\"}, CustomModelData:300009}"
						}
					],
					"conditions": [
						{
							"condition": "minecraft:block_state_property",
							"block": "minecraft:mushroom_stem",
							"properties": {
								"down": true,
								"east": true,
								"north": true,
								"south": false,
								"up": false,
								"west": true
							}
						}
					]
				},
				{
					"type": "minecraft:item",
					"name": "minecraft:firework_rocket",
					"functions": [
						{
							"function": "set_nbt",
							"tag": "{PaintedBlock:1b, HideFlags:32, Fireworks:{Explosions:[{Colors:[-300000,-300000,-300000]}]}, display:{Name:\"{\\\"text\\\":\\\"Purpleheart Log\\\",\\\"italic\\\":\\\"false\\\"}\"}, CustomModelData:300009}"
						}
					],
					"conditions": [
						{
							"condition": "minecraft:block_state_property",
							"block": "minecraft:mushroom_stem",
							"properties": {
								"down": true,
								"east": true,
								"north": true,
								"south": false,
								"up": false,
								"west": false
							}
						}
					]
				},
				{
					"type": "minecraft:item",
					"name": "minecraft:firework_rocket",
					"functions": [
						{
							"function": "set_nbt",
							"tag": "{PaintedBlock:1b, HideFlags:32, Fireworks:{Explosions:[{Colors:[-300000,-300000,-300000]}]}, display:{Name:\"{\\\"text\\\":\\\"Purpleheart Log\\\",\\\"italic\\\":\\\"false\\\"}\"}, CustomModelData:300009}"
						}
					],
					"conditions": [
						{
							"condition": "minecraft:block_state_property",
							"block": "minecraft:mushroom_stem",
							"properties": {
								"down": true,
								"east": true,
								"north": false,
								"south": true,
								"up": true,
								"west": true
							}
						}
					]
				},
				{
					"type": "minecraft:item",
					"name": "minecraft:firework_rocket",
					"functions": [
						{
							"function": "set_nbt",
							"tag": "{PaintedBlock:1b, HideFlags:32, Fireworks:{Explosions:[{Colors:[-300000,-300000,-300000]}]}, display:{Name:\"{\\\"text\\\":\\\"Purpleheart Stripped Wood\\\",\\\"italic\\\":\\\"false\\\"}\"}, CustomModelData:300010}"
						}
					],
					"conditions": [
						{
							"condition": "minecraft:block_state_property",
							"block": "minecraft:mushroom_stem",
							"properties": {
								"down": true,
								"east": true,
								"north": false,
								"south": true,
								"up": true,
								"west": false
							}
						}
					]
				},
				{
					"type": "minecraft:item",
					"name": "minecraft:firework_rocket",
					"functions": [
						{
							"function": "set_nbt",
							"tag": "{PaintedBlock:1b, HideFlags:32, Fireworks:{Explosions:[{Colors:[-300000,-300000,-300000]}]}, display:{Name:\"{\\\"text\\\":\\\"Purpleheart Stripped Log\\\",\\\"italic\\\":\\\"false\\\"}\"}, CustomModelData:300011}"
						}
					],
					"conditions": [
						{
							"condition": "minecraft:block_state_property",
							"block": "minecraft:mushroom_stem",
							"properties": {
								"down": true,
								"east": true,
								"north": false,
								"south": true,
								"up": false,
								"west": true
							}
						}
					]
				},
				{
					"type": "minecraft:item",
					"name": "minecraft:firework_rocket",
					"functions": [
						{
							"function": "set_nbt",
							"tag": "{PaintedBlock:1b, HideFlags:32, Fireworks:{Explosions:[{Colors:[-300000,-300000,-300000]}]}, display:{Name:\"{\\\"text\\\":\\\"Purpleheart Stripped Log\\\",\\\"italic\\\":\\\"false\\\"}\"}, CustomModelData:300011}"
						}
					],
					"conditions": [
						{
							"condition": "minecraft:block_state_property",
							"block": "minecraft:mushroom_stem",
							"properties": {
								"down": true,
								"east": true,
								"north": false,
								"south": true,
								"up": false,
								"west": false
							}
						}
					]
				},
				{
					"type": "minecraft:item",
					"name": "minecraft:firework_rocket",
					"functions": [
						{
							"function": "set_nbt",
							"tag": "{PaintedBlock:1b, HideFlags:32, Fireworks:{Explosions:[{Colors:[-300000,-300000,-300000]}]}, display:{Name:\"{\\\"text\\\":\\\"Purpleheart Stripped Log\\\",\\\"italic\\\":\\\"false\\\"}\"}, CustomModelData:300011}"
						}
					],
					"conditions": [
						{
							"condition": "minecraft:block_state_property",
							"block": "minecraft:mushroom_stem",
							"properties": {
								"down": true,
								"east": true,
								"north": false,
								"south": false,
								"up": true,
								"west": true
							}
						}
					]
				},
				{
					"type": "minecraft:item",
					"name": "minecraft:firework_rocket",
					"functions": [
						{
							"function": "set_nbt",
							"tag": "{PaintedBlock:1b, HideFlags:32, Fireworks:{Explosions:[{Colors:[-300000,-300000,-300000]}]}, display:{Name:\"{\\\"text\\\":\\\"Purpleheart Planks\\\",\\\"italic\\\":\\\"false\\\"}\"}, CustomModelData:300012}"
						}
					],
					"conditions": [
						{
							"condition": "minecraft:block_state_property",
							"block": "minecraft:mushroom_stem",
							"properties": {
								"down": true,
								"east": true,
								"north": false,
								"south": false,
								"up": true,
								"west": false
							}
						}
					]
				},
				{
					"type": "minecraft:item",
					"name": "minecraft:firework_rocket",
					"functions": [
						{
							"function": "set_nbt",
							"tag": "{PaintedBlock:1b, HideFlags:32, Fireworks:{Explosions:[{Colors:[-300000,-300000,-300000]}]}, display:{Name:\"{\\\"text\\\":\\\"Ebony Wood\\\",\\\"italic\\\":\\\"false\\\"}\"}, CustomModelData:300013}"
						}
					],
					"conditions": [
						{
							"condition": "minecraft:block_state_property",
							"block": "minecraft:mushroom_stem",
							"properties": {
								"down": true,
								"east": true,
								"north": false,
								"south": false,
								"up": false,
								"west": true
							}
						}
					]
				},
				{
					"type": "minecraft:item",
					"name": "minecraft:firework_rocket",
					"functions": [
						{
							"function": "set_nbt",
							"tag": "{PaintedBlock:1b, HideFlags:32, Fireworks:{Explosions:[{Colors:[-300000,-300000,-300000]}]}, display:{Name:\"{\\\"text\\\":\\\"Ebony Log\\\",\\\"italic\\\":\\\"false\\\"}\"}, CustomModelData:300014}"
						}
					],
					"conditions": [
						{
							"condition": "minecraft:block_state_property",
							"block": "minecraft:mushroom_stem",
							"properties": {
								"down": true,
								"east": true,
								"north": false,
								"south": false,
								"up": false,
								"west": false
							}
						}
					]
				},
				{
					"type": "minecraft:item",
					"name": "minecraft:firework_rocket",
					"functions": [
						{
							"function": "set_nbt",
							"tag": "{PaintedBlock:1b, HideFlags:32, Fireworks:{Explosions:[{Colors:[-300000,-300000,-300000]}]}, display:{Name:\"{\\\"text\\\":\\\"Ebony Log\\\",\\\"italic\\\":\\\"false\\\"}\"}, CustomModelData:300014}"
						}
					],
					"conditions": [
						{
							"condition": "minecraft:block_state_property",
							"block": "minecraft:mushroom_stem",
							"properties": {
								"down": true,
								"east": false,
								"north": true,
								"south": true,
								"up": true,
								"west": true
							}
						}
					]
				},
				{
					"type": "minecraft:item",
					"name": "minecraft:firework_rocket",
					"functions": [
						{
							"function": "set_nbt",
							"tag": "{PaintedBlock:1b, HideFlags:32, Fireworks:{Explosions:[{Colors:[-300000,-300000,-300000]}]}, display:{Name:\"{\\\"text\\\":\\\"Ebony Log\\\",\\\"italic\\\":\\\"false\\\"}\"}, CustomModelData:300014}"
						}
					],
					"conditions": [
						{
							"condition": "minecraft:block_state_property",
							"block": "minecraft:mushroom_stem",
							"properties": {
								"down": true,
								"east": false,
								"north": true,
								"south": true,
								"up": true,
								"west": false
							}
						}
					]
				},
				{
					"type": "minecraft:item",
					"name": "minecraft:firework_rocket",
					"functions": [
						{
							"function": "set_nbt",
							"tag": "{PaintedBlock:1b, HideFlags:32, Fireworks:{Explosions:[{Colors:[-300000,-300000,-300000]}]}, display:{Name:\"{\\\"text\\\":\\\"Ebony Stripped Wood\\\",\\\"italic\\\":\\\"false\\\"}\"}, CustomModelData:300015}"
						}
					],
					"conditions": [
						{
							"condition": "minecraft:block_state_property",
							"block": "minecraft:mushroom_stem",
							"properties": {
								"down": true,
								"east": false,
								"north": true,
								"south": true,
								"up": false,
								"west": true
							}
						}
					]
				},
				{
					"type": "minecraft:item",
					"name": "minecraft:firework_rocket",
					"functions": [
						{
							"function": "set_nbt",
							"tag": "{PaintedBlock:1b, HideFlags:32, Fireworks:{Explosions:[{Colors:[-300000,-300000,-300000]}]}, display:{Name:\"{\\\"text\\\":\\\"Ebony Stripped Log\\\",\\\"italic\\\":\\\"false\\\"}\"}, CustomModelData:300016}"
						}
					],
					"conditions": [
						{
							"condition": "minecraft:block_state_property",
							"block": "minecraft:mushroom_stem",
							"properties": {
								"down": true,
								"east": false,
								"north": true,
								"south": true,
								"up": false,
								"west": false
							}
						}
					]
				},
				{
					"type": "minecraft:item",
					"name": "minecraft:firework_rocket",
					"functions": [
						{
							"function": "set_nbt",
							"tag": "{PaintedBlock:1b, HideFlags:32, Fireworks:{Explosions:[{Colors:[-300000,-300000,-300000]}]}, display:{Name:\"{\\\"text\\\":\\\"Ebony Stripped Log\\\",\\\"italic\\\":\\\"false\\\"}\"}, CustomModelData:300016}"
						}
					],
					"conditions": [
						{
							"condition": "minecraft:block_state_property",
							"block": "minecraft:mushroom_stem",
							"properties": {
								"down": true,
								"east": false,
								"north": true,
								"south": false,
								"up": true,
								"west": true
							}
						}
					]
				},
				{
					"type": "minecraft:item",
					"name": "minecraft:firework_rocket",
					"functions": [
						{
							"function": "set_nbt",
							"tag": "{PaintedBlock:1b, HideFlags:32, Fireworks:{Explosions:[{Colors:[-300000,-300000,-300000]}]}, display:{Name:\"{\\\"text\\\":\\\"Ebony Stripped Log\\\",\\\"italic\\\":\\\"false\\\"}\"}, CustomModelData:300016}"
						}
					],
					"conditions": [
						{
							"condition": "minecraft:block_state_property",
							"block": "minecraft:mushroom_stem",
							"properties": {
								"down": true,
								"east": false,
								"north": true,
								"south": false,
								"up": true,
								"west": false
							}
						}
					]
				},
				{
					"type": "minecraft:item",
					"name": "minecraft:firework_rocket",
					"functions": [
						{
							"function": "set_nbt",
							"tag": "{PaintedBlock:1b, HideFlags:32, Fireworks:{Explosions:[{Colors:[-300000,-300000,-300000]}]}, display:{Name:\"{\\\"text\\\":\\\"Ebony Planks\\\",\\\"italic\\\":\\\"false\\\"}\"}, CustomModelData:300017}"
						}
					],
					"conditions": [
						{
							"condition": "minecraft:block_state_property",
							"block": "minecraft:mushroom_stem",
							"properties": {
								"down": true,
								"east": false,
								"north": true,
								"south": false,
								"up": false,
								"west": true
							}
						}
					]
				},
				{
					"type": "minecraft:item",
					"name": "minecraft:firework_rocket",
					"functions": [
						{
							"function": "set_nbt",
							"tag": "{PaintedBlock:1b, HideFlags:32, Fireworks:{Explosions:[{Colors:[-300000,-300000,-300000]}]}, display:{Name:\"{\\\"text\\\":\\\"Verawood Wood\\\",\\\"italic\\\":\\\"false\\\"}\"}, CustomModelData:300018}"
						}
					],
					"conditions": [
						{
							"condition": "minecraft:block_state_property",
							"block": "minecraft:mushroom_stem",
							"properties": {
								"down": true,
								"east": false,
								"north": true,
								"south": false,
								"up": false,
								"west": false
							}
						}
					]
				},
				{
					"type": "minecraft:item",
					"name": "minecraft:firework_rocket",
					"functions": [
						{
							"function": "set_nbt",
							"tag": "{PaintedBlock:1b, HideFlags:32, Fireworks:{Explosions:[{Colors:[-300000,-300000,-300000]}]}, display:{Name:\"{\\\"text\\\":\\\"Verawood Log\\\",\\\"italic\\\":\\\"false\\\"}\"}, CustomModelData:300019}"
						}
					],
					"conditions": [
						{
							"condition": "minecraft:block_state_property",
							"block": "minecraft:mushroom_stem",
							"properties": {
								"down": true,
								"east": false,
								"north": false,
								"south": true,
								"up": true,
								"west": true
							}
						}
					]
				},
				{
					"type": "minecraft:item",
					"name": "minecraft:firework_rocket",
					"functions": [
						{
							"function": "set_nbt",
							"tag": "{PaintedBlock:1b, HideFlags:32, Fireworks:{Explosions:[{Colors:[-300000,-300000,-300000]}]}, display:{Name:\"{\\\"text\\\":\\\"Verawood Log\\\",\\\"italic\\\":\\\"false\\\"}\"}, CustomModelData:300019}"
						}
					],
					"conditions": [
						{
							"condition": "minecraft:block_state_property",
							"block": "minecraft:mushroom_stem",
							"properties": {
								"down": true,
								"east": false,
								"north": false,
								"south": true,
								"up": true,
								"west": false
							}
						}
					]
				},
				{
					"type": "minecraft:item",
					"name": "minecraft:firework_rocket",
					"functions": [
						{
							"function": "set_nbt",
							"tag": "{PaintedBlock:1b, HideFlags:32, Fireworks:{Explosions:[{Colors:[-300000,-300000,-300000]}]}, display:{Name:\"{\\\"text\\\":\\\"Verawood Log\\\",\\\"italic\\\":\\\"false\\\"}\"}, CustomModelData:300019}"
						}
					],
					"conditions": [
						{
							"condition": "minecraft:block_state_property",
							"block": "minecraft:mushroom_stem",
							"properties": {
								"down": true,
								"east": false,
								"north": false,
								"south": true,
								"up": false,
								"west": true
							}
						}
					]
				},
				{
					"type": "minecraft:item",
					"name": "minecraft:firework_rocket",
					"functions": [
						{
							"function": "set_nbt",
							"tag": "{PaintedBlock:1b, HideFlags:32, Fireworks:{Explosions:[{Colors:[-300000,-300000,-300000]}]}, display:{Name:\"{\\\"text\\\":\\\"Verawood Stripped Wood\\\",\\\"italic\\\":\\\"false\\\"}\"}, CustomModelData:300020}"
						}
					],
					"conditions": [
						{
							"condition": "minecraft:block_state_property",
							"block": "minecraft:mushroom_stem",
							"properties": {
								"down": true,
								"east": false,
								"north": false,
								"south": true,
								"up": false,
								"west": false
							}
						}
					]
				},
				{
					"type": "minecraft:item",
					"name": "minecraft:firework_rocket",
					"functions": [
						{
							"function": "set_nbt",
							"tag": "{PaintedBlock:1b, HideFlags:32, Fireworks:{Explosions:[{Colors:[-300000,-300000,-300000]}]}, display:{Name:\"{\\\"text\\\":\\\"Verawood Stripped Log\\\",\\\"italic\\\":\\\"false\\\"}\"}, CustomModelData:300021}"
						}
					],
					"conditions": [
						{
							"condition": "minecraft:block_state_property",
							"block": "minecraft:mushroom_stem",
							"properties": {
								"down": true,
								"east": false,
								"north": false,
								"south": false,
								"up": true,
								"west": true
							}
						}
					]
				},
				{
					"type": "minecraft:item",
					"name": "minecraft:firework_rocket",
					"functions": [
						{
							"function": "set_nbt",
							"tag": "{PaintedBlock:1b, HideFlags:32, Fireworks:{Explosions:[{Colors:[-300000,-300000,-300000]}]}, display:{Name:\"{\\\"text\\\":\\\"Verawood Stripped Log\\\",\\\"italic\\\":\\\"false\\\"}\"}, CustomModelData:300021}"
						}
					],
					"conditions": [
						{
							"condition": "minecraft:block_state_property",
							"block": "minecraft:mushroom_stem",
							"properties": {
								"down": true,
								"east": false,
								"north": false,
								"south": false,
								"up": true,
								"west": false
							}
						}
					]
				},
				{
					"type": "minecraft:item",
					"name": "minecraft:firework_rocket",
					"functions": [
						{
							"function": "set_nbt",
							"tag": "{PaintedBlock:1b, HideFlags:32, Fireworks:{Explosions:[{Colors:[-300000,-300000,-300000]}]}, display:{Name:\"{\\\"text\\\":\\\"Verawood Stripped Log\\\",\\\"italic\\\":\\\"false\\\"}\"}, CustomModelData:300021}"
						}
					],
					"conditions": [
						{
							"condition": "minecraft:block_state_property",
							"block": "minecraft:mushroom_stem",
							"properties": {
								"down": true,
								"east": false,
								"north": false,
								"south": false,
								"up": false,
								"west": true
							}
						}
					]
				},
				{
					"type": "minecraft:item",
					"name": "minecraft:firework_rocket",
					"functions": [
						{
							"function": "set_nbt",
							"tag": "{PaintedBlock:1b, HideFlags:32, Fireworks:{Explosions:[{Colors:[-300000,-300000,-300000]}]}, display:{Name:\"{\\\"text\\\":\\\"Verawood Planks\\\",\\\"italic\\\":\\\"false\\\"}\"}, CustomModelData:300022}"
						}
					],
					"conditions": [
						{
							"condition": "minecraft:block_state_property",
							"block": "minecraft:mushroom_stem",
							"properties": {
								"down": false,
								"east": true,
								"north": true,
								"south": true,
								"up": true,
								"west": true
							}
						}
					]
				},
				{
					"type": "minecraft:item",
					"name": "minecraft:firework_rocket",
					"functions": [
						{
							"function": "set_nbt",
							"tag": "{PaintedBlock:1b, HideFlags:32, Fireworks:{Explosions:[{Colors:[-300000,-300000,-300000]}]}, display:{Name:\"{\\\"text\\\":\\\"Wrought Iron Block\\\",\\\"italic\\\":\\\"false\\\"}\"}, CustomModelData:300023}"
						}
					],
					"conditions": [
						{
							"condition": "minecraft:block_state_property",
							"block": "minecraft:mushroom_stem",
							"properties": {
								"down": false,
								"east": true,
								"north": true,
								"south": true,
								"up": true,
								"west": false
							}
						}
					]
				},
				{
					"type": "minecraft:item",
					"name": "minecraft:firework_rocket",
					"functions": [
						{
							"function": "set_nbt",
							"tag": "{PaintedBlock:1b, HideFlags:32, Fireworks:{Explosions:[{Colors:[-300000,-300000,-300000]}]}, display:{Name:\"{\\\"text\\\":\\\"Rusty Wrought Iron Block\\\",\\\"italic\\\":\\\"false\\\"}\"}, CustomModelData:300024}"
						}
					],
					"conditions": [
						{
							"condition": "minecraft:block_state_property",
							"block": "minecraft:mushroom_stem",
							"properties": {
								"down": false,
								"east": true,
								"north": true,
								"south": true,
								"up": false,
								"west": false
							}
						}
					]
				},
				{
					"type": "minecraft:item",
					"name": "minecraft:firework_rocket",
					"functions": [
						{
							"function": "set_nbt",
							"tag": "{PaintedBlock:1b, HideFlags:32, Fireworks:{Explosions:[{Colors:[-300000,-300000,-300000]}]}, display:{Name:\"{\\\"text\\\":\\\"Rocky Dirt\\\",\\\"italic\\\":\\\"false\\\"}\"}, CustomModelData:300025}"
						}
					],
					"conditions": [
						{
							"condition": "minecraft:block_state_property",
							"block": "minecraft:mushroom_stem",
							"properties": {
								"down": false,
								"east": true,
								"north": true,
								"south": false,
								"up": true,
								"west": true
							}
						}
					]
				},
				{
					"type": "minecraft:item",
					"name": "minecraft:firework_rocket",
					"functions": [
						{
							"function": "set_nbt",
							"tag": "{PaintedBlock:1b, HideFlags:32, Fireworks:{Explosions:[{Colors:[-300000,-300000,-300000]}]}, display:{Name:\"{\\\"text\\\":\\\"Sandstone Brick\\\",\\\"italic\\\":\\\"false\\\"}\"}, CustomModelData:300026}"
						}
					],
					"conditions": [
						{
							"condition": "minecraft:block_state_property",
							"block": "minecraft:mushroom_stem",
							"properties": {
								"down": false,
								"east": true,
								"north": true,
								"south": false,
								"up": true,
								"west": false
							}
						}
					]
				},
				{
					"type": "minecraft:item",
					"name": "minecraft:firework_rocket",
					"functions": [
						{
							"function": "set_nbt",
							"tag": "{PaintedBlock:1b, HideFlags:32, Fireworks:{Explosions:[{Colors:[-300000,-300000,-300000]}]}, display:{Name:\"{\\\"text\\\":\\\"Wattle & Daub Frame\\\",\\\"italic\\\":\\\"false\\\"}\"}, CustomModelData:300027}"
						}
					],
					"conditions": [
						{
							"condition": "minecraft:block_state_property",
							"block": "minecraft:mushroom_stem",
							"properties": {
								"down": false,
								"east": true,
								"north": true,
								"south": false,
								"up": false,
								"west": true
							}
						}
					]
				},
				{
					"type": "minecraft:item",
					"name": "minecraft:firework_rocket",
					"functions": [
						{
							"function": "set_nbt",
							"tag": "{PaintedBlock:1b, HideFlags:32, Fireworks:{Explosions:[{Colors:[-300000,-300000,-300000]}]}, display:{Name:\"{\\\"text\\\":\\\"Wattle & Daub Pillar\\\",\\\"italic\\\":\\\"false\\\"}\"}, CustomModelData:300028}"
						}
					],
					"conditions": [
						{
							"condition": "minecraft:block_state_property",
							"block": "minecraft:mushroom_stem",
							"properties": {
								"down": false,
								"east": true,
								"north": true,
								"south": false,
								"up": false,
								"west": false
							}
						}
					]
				},
				{
					"type": "minecraft:item",
					"name": "minecraft:firework_rocket",
					"functions": [
						{
							"function": "set_nbt",
							"tag": "{PaintedBlock:1b, HideFlags:32, Fireworks:{Explosions:[{Colors:[-300000,-300000,-300000]}]}, display:{Name:\"{\\\"text\\\":\\\"Wattle & Daub Diagonal Frame\\\",\\\"italic\\\":\\\"false\\\"}\"}, CustomModelData:300029}"
						}
					],
					"conditions": [
						{
							"condition": "minecraft:block_state_property",
							"block": "minecraft:mushroom_stem",
							"properties": {
								"down": false,
								"east": true,
								"north": false,
								"south": true,
								"up": true,
								"west": true
							}
						}
					]
				},
				{
					"type": "minecraft:item",
					"name": "minecraft:firework_rocket",
					"functions": [
						{
							"function": "set_nbt",
							"tag": "{PaintedBlock:1b, HideFlags:32, Fireworks:{Explosions:[{Colors:[-300000,-300000,-300000]}]}, display:{Name:\"{\\\"text\\\":\\\"Wattle & Daub Cross Frame\\\",\\\"italic\\\":\\\"false\\\"}\"}, CustomModelData:300030}"
						}
					],
					"conditions": [
						{
							"condition": "minecraft:block_state_property",
							"block": "minecraft:mushroom_stem",
							"properties": {
								"down": false,
								"east": true,
								"north": false,
								"south": true,
								"up": true,
								"west": false
							}
						}
					]
				},
				{
					"type": "minecraft:item",
					"name": "minecraft:firework_rocket",
					"functions": [
						{
							"function": "set_nbt",
							"tag": "{PaintedBlock:1b, HideFlags:32, Fireworks:{Explosions:[{Colors:[-300000,-300000,-300000]}]}, display:{Name:\"{\\\"text\\\":\\\"Lemurian Labradorite\\\",\\\"italic\\\":\\\"false\\\"}\"}, CustomModelData:300031}"
						}
					],
					"conditions": [
						{
							"condition": "minecraft:block_state_property",
							"block": "minecraft:mushroom_stem",
							"properties": {
								"down": false,
								"east": true,
								"north": false,
								"south": true,
								"up": false,
								"west": true
							}
						}
					]
				},
				{
					"type": "minecraft:item",
					"name": "minecraft:firework_rocket",
					"functions": [
						{
							"function": "set_nbt",
							"tag": "{PaintedBlock:1b, HideFlags:32, Fireworks:{Explosions:[{Colors:[-300000,-300000,-300000]}]}, display:{Name:\"{\\\"text\\\":\\\"Polished Lemurian Labradorite\\\",\\\"italic\\\":\\\"false\\\"}\"}, CustomModelData:300032}"
						}
					],
					"conditions": [
						{
							"condition": "minecraft:block_state_property",
							"block": "minecraft:mushroom_stem",
							"properties": {
								"down": false,
								"east": true,
								"north": false,
								"south": true,
								"up": false,
								"west": false
							}
						}
					]
				},
				{
					"type": "minecraft:item",
					"name": "minecraft:firework_rocket",
					"functions": [
						{
							"function": "set_nbt",
							"tag": "{PaintedBlock:1b, HideFlags:32, Fireworks:{Explosions:[{Colors:[-300000,-300000,-300000]}]}, display:{Name:\"{\\\"text\\\":\\\"Lemurian Labradorite Brick\\\",\\\"italic\\\":\\\"false\\\"}\"}, CustomModelData:300033}"
						}
					],
					"conditions": [
						{
							"condition": "minecraft:block_state_property",
							"block": "minecraft:mushroom_stem",
							"properties": {
								"down": false,
								"east": true,
								"north": false,
								"south": false,
								"up": true,
								"west": true
							}
						}
					]
				},
				{
					"type": "minecraft:item",
					"name": "minecraft:firework_rocket",
					"functions": [
						{
							"function": "set_nbt",
							"tag": "{PaintedBlock:1b, HideFlags:32, Fireworks:{Explosions:[{Colors:[-300000,-300000,-300000]}]}, display:{Name:\"{\\\"text\\\":\\\"Chiseled Lemurian Labradorite\\\",\\\"italic\\\":\\\"false\\\"}\"}, CustomModelData:300034}"
						}
					],
					"conditions": [
						{
							"condition": "minecraft:block_state_property",
							"block": "minecraft:mushroom_stem",
							"properties": {
								"down": false,
								"east": true,
								"north": false,
								"south": false,
								"up": true,
								"west": false
							}
						}
					]
				},
				{
					"type": "minecraft:item",
					"name": "minecraft:firework_rocket",
					"functions": [
						{
							"function": "set_nbt",
							"tag": "{PaintedBlock:1b, HideFlags:32, Fireworks:{Explosions:[{Colors:[-300000,-300000,-300000]}]}, display:{Name:\"{\\\"text\\\":\\\"Morklila Brick\\\",\\\"italic\\\":\\\"false\\\"}\"}, CustomModelData:300035}"
						}
					],
					"conditions": [
						{
							"condition": "minecraft:block_state_property",
							"block": "minecraft:mushroom_stem",
							"properties": {
								"down": false,
								"east": true,
								"north": false,
								"south": false,
								"up": false,
								"west": true
							}
						}
					]
				},
				{
					"type": "minecraft:item",
					"name": "minecraft:firework_rocket",
					"functions": [
						{
							"function": "set_nbt",
							"tag": "{PaintedBlock:1b, HideFlags:32, Fireworks:{Explosions:[{Colors:[-300000,-300000,-300000]}]}, display:{Name:\"{\\\"text\\\":\\\"Morklila Pillar\\\",\\\"italic\\\":\\\"false\\\"}\"}, CustomModelData:300036}"
						}
					],
					"conditions": [
						{
							"condition": "minecraft:block_state_property",
							"block": "minecraft:mushroom_stem",
							"properties": {
								"down": false,
								"east": true,
								"north": false,
								"south": false,
								"up": false,
								"west": false
							}
						}
					]
				},
				{
					"type": "minecraft:item",
					"name": "minecraft:firework_rocket",
					"functions": [
						{
							"function": "set_nbt",
							"tag": "{PaintedBlock:1b, HideFlags:32, Fireworks:{Explosions:[{Colors:[-300000,-300000,-300000]}]}, display:{Name:\"{\\\"text\\\":\\\"Reinforced Sandstone\\\",\\\"italic\\\":\\\"false\\\"}\"}, CustomModelData:300037}"
						}
					],
					"conditions": [
						{
							"condition": "minecraft:block_state_property",
							"block": "minecraft:mushroom_stem",
							"properties": {
								"down": false,
								"east": false,
								"north": true,
								"south": true,
								"up": true,
								"west": true
							}
						}
					]
				},
				{
					"type": "minecraft:item",
					"name": "minecraft:firework_rocket",
					"functions": [
						{
							"function": "set_nbt",
							"tag": "{PaintedBlock:1b, HideFlags:32, Fireworks:{Explosions:[{Colors:[-300000,-300000,-300000]}]}, display:{Name:\"{\\\"text\\\":\\\"Terracotta Tile\\\",\\\"italic\\\":\\\"false\\\"}\"}, CustomModelData:300038}"
						}
					],
					"conditions": [
						{
							"condition": "minecraft:block_state_property",
							"block": "minecraft:mushroom_stem",
							"properties": {
								"down": false,
								"east": false,
								"north": true,
								"south": true,
								"up": true,
								"west": false
							}
						}
					]
				},
				{
					"type": "minecraft:item",
					"name": "minecraft:firework_rocket",
					"functions": [
						{
							"function": "set_nbt",
							"tag": "{PaintedBlock:1b, HideFlags:32, Fireworks:{Explosions:[{Colors:[-300000,-300000,-300000]}]}, display:{Name:\"{\\\"text\\\":\\\"Grass Stone Tile\\\",\\\"italic\\\":\\\"false\\\"}\"}, CustomModelData:300039}"
						}
					],
					"conditions": [
						{
							"condition": "minecraft:block_state_property",
							"block": "minecraft:mushroom_stem",
							"properties": {
								"down": false,
								"east": false,
								"north": true,
								"south": true,
								"up": false,
								"west": true
							}
						}
					]
				},
				{
					"type": "minecraft:item",
					"name": "minecraft:firework_rocket",
					"functions": [
						{
							"function": "set_nbt",
							"tag": "{PaintedBlock:1b, HideFlags:32, Fireworks:{Explosions:[{Colors:[-300000,-300000,-300000]}]}, display:{Name:\"{\\\"text\\\":\\\"Weathered Brick\\\",\\\"italic\\\":\\\"false\\\"}\"}, CustomModelData:300040}"
						}
					],
					"conditions": [
						{
							"condition": "minecraft:block_state_property",
							"block": "minecraft:mushroom_stem",
							"properties": {
								"down": false,
								"east": false,
								"north": true,
								"south": true,
								"up": false,
								"west": false
							}
						}
					]
				},
				{
					"type": "minecraft:item",
					"name": "minecraft:firework_rocket",
					"functions": [
						{
							"function": "set_nbt",
							"tag": "{PaintedBlock:1b, HideFlags:32, Fireworks:{Explosions:[{Colors:[-300000,-300000,-300000]}]}, display:{Name:\"{\\\"text\\\":\\\"Weathered Stone Bricks\\\",\\\"italic\\\":\\\"false\\\"}\"}, CustomModelData:300041}"
						}
					],
					"conditions": [
						{
							"condition": "minecraft:block_state_property",
							"block": "minecraft:mushroom_stem",
							"properties": {
								"down": false,
								"east": false,
								"north": true,
								"south": false,
								"up": true,
								"west": true
							}
						}
					]
				},
				{
					"type": "minecraft:item",
					"name": "minecraft:firework_rocket",
					"functions": [
						{
							"function": "set_nbt",
							"tag": "{PaintedBlock:1b, HideFlags:32, Fireworks:{Explosions:[{Colors:[-300000,-300000,-300000]}]}, display:{Name:\"{\\\"text\\\":\\\"Chordzol\\\",\\\"italic\\\":\\\"false\\\"}\"}, CustomModelData:300042}"
						}
					],
					"conditions": [
						{
							"condition": "minecraft:block_state_property",
							"block": "minecraft:mushroom_stem",
							"properties": {
								"down": false,
								"east": false,
								"north": true,
								"south": false,
								"up": true,
								"west": false
							}
						}
					]
				},
				{
					"type": "minecraft:item",
					"name": "minecraft:firework_rocket",
					"functions": [
						{
							"function": "set_nbt",
							"tag": "{PaintedBlock:1b, HideFlags:32, Fireworks:{Explosions:[{Colors:[-300000,-300000,-300000]}]}, display:{Name:\"{\\\"text\\\":\\\"Patchy Chordzol\\\",\\\"italic\\\":\\\"false\\\"}\"}, CustomModelData:300043}"
						}
					],
					"conditions": [
						{
							"condition": "minecraft:block_state_property",
							"block": "minecraft:mushroom_stem",
							"properties": {
								"down": false,
								"east": false,
								"north": true,
								"south": false,
								"up": false,
								"west": true
							}
						}
					]
				},
				{
					"type": "minecraft:item",
					"name": "minecraft:firework_rocket",
					"functions": [
						{
							"function": "set_nbt",
							"tag": "{PaintedBlock:1b, HideFlags:32, Fireworks:{Explosions:[{Colors:[-300000,-300000,-300000]}]}, display:{Name:\"{\\\"text\\\":\\\"Thatch\\\",\\\"italic\\\":\\\"false\\\"}\"}, CustomModelData:300044}"
						}
					],
					"conditions": [
						{
							"condition": "minecraft:block_state_property",
							"block": "minecraft:mushroom_stem",
							"properties": {
								"down": false,
								"east": false,
								"north": true,
								"south": false,
								"up": false,
								"west": false
							}
						}
					]
				}
			]
		}
	]
}