{"stat.mineBlock.sky_orchards.log_coal":10,"stat.craftItem.sky_orchards.sapling_cottonwood":2,"stat.craftItem.sky_orchards.sapling_sand":2,"stat.pickup.minecraft.wooden_slab":742,"stat.mineBlock.tconstruct.seared_tank":6,"stat.useItem.sky_orchards.sapling_cottonwood":9,"stat.leaveGame":6,"stat.craftItem.minecraft.iron_axe":1,"stat.mineBlock.tconstruct.channel":3,"stat.entityKilledBy.Human":1,"stat.pickup.tconstruct.faucet":3,"stat.useItem.minecraft.planks":308,"stat.mineBlock.sky_orchards.log_dirt":152,"stat.pickup.sky_orchards.resin_cottonwood":99,"stat.useItem.sky_orchards.sapling_iron":7,"stat.useItem.minecraft.water_bucket":1,"stat.drop.sky_orchards.sapling_petrified":1,"stat.pickup.minecraft.rotten_flesh":25,"stat.craftItem.sky_orchards.amber_clay":5,"stat.pickup.minecraft.sand":1,"stat.entityKilledBy.Spider":1,"stat.pickup.sky_orchards.sapling_dirt":122,"stat.craftItem.minecraft.stone_axe":13,"stat.pickup.minecraft.bucket":1,"stat.mineBlock.minecraft.wooden_slab":75,"stat.craftItem.tconstruct.casting":2,"stat.craftItem.minecraft.stone_sword":2,"stat.pickup.sky_orchards.resin_petrified":227,"stat.useItem.tconstruct.channel":4,"stat.craftItem.minecraft.bed":1,"stat.drop.sky_orchards.sapling_iron":1,"stat.mineBlock.minecraft.vine":1,"stat.pickup.thermalfoundation.material":4,"stat.useItem.minecraft.oak_stairs":315,"stat.furnaceInteraction":73,"stat.pickup.xlfoodmod.lettuce_seeds":1,"stat.pickup.sky_orchards.acorn_coal":7,"stat.mineBlock.tcomplement.melter":4,"stat.craftItem.tcomplement.porcelain_casting":1,"stat.pickup.sky_orchards.acorn_dirt":121,"stat.pickup.sky_orchards.sapling_coal":4,"stat.useItem.minecraft.stone_stairs":103,"stat.drop.minecraft.pumpkin_seeds":2,"stat.pickup.minecraft.stone_stairs":121,"stat.useItem.minecraft.flint_and_steel":2,"stat.craftItem.minecraft.sand":25,"stat.mineBlock.sky_orchards.log_tin":5,"stat.pickup.minecraft.pumpkin_seeds":2,"stat.craftItem.morecauldrons.cobble_cauldron":2,"stat.useItem.minecraft.dye":8,"stat.mineBlock.minecraft.oak_stairs":66,"stat.pickup.minecraft.lever":4,"stat.deaths":46,"stat.pickup.extendedcrafting.handheld_table":1,"stat.pickup.sky_orchards.leaves_dirt":116,"stat.playOneMinute":877257,"stat.drop.sky_orchards.sapling_tin":1,"stat.pickup.sky_orchards.sapling_lapis":1,"stat.killEntity.thermalfoundation.blitz":4,"stat.mineBlock.minecraft.tallgrass":23,"stat.useItem.sky_orchards.sapling_sand":19,"stat.pickup.tconstruct.seared":1,"stat.chestOpened":658,"stat.entityKilledBy.thermalfoundation.blitz":3,"stat.pickup.inspirations.stone_crook":1,"stat.craftItem.minecraft.sign":6,"stat.pickup.minecraft.arrow":9,"stat.pickup.sky_orchards.resin_redstone":23,"stat.pickup.sky_orchards.acorn_petrified":130,"stat.mineBlock.sky_orchards.leaves_iron":163,"stat.useItem.inspirations.wooden_crook":697,"stat.pickup.sky_orchards.resin_sand":157,"stat.mineBlock.tconstruct.faucet":2,"stat.craftItem.minecraft.coal":9,"stat.useItem.sky_orchards.sapling_gravel":20,"stat.fallOneCm":1365368,"stat.craftItem.sky_orchards.sapling_redstone":1,"stat.pickup.inspirations.dyed_bottle":1,"stat.mineBlock.slabmachines.chest_slab":2,"stat.crouchOneCm":180342,"stat.craftItem.minecraft.chest":12,"stat.craftItem.minecraft.iron_ingot":1,"stat.pickup.rustic.grape_stem":3,"stat.mineBlock.minecraft.lever":3,"stat.mineBlock.sky_orchards.leaves_sand":485,"stat.pickup.sky_orchards.sapling_sand":90,"stat.pickup.sky_orchards.sapling_tin":2,"stat.craftItem.tconstruct.pattern":24,"stat.pickup.sky_orchards.acorn_redstone":16,"stat.pickup.sky_orchards.resin_tin":6,"stat.mineBlock.minecraft.log2":8,"stat.craftItem.tconstruct.materials":100,"stat.pickup.tconstruct.channel":7,"stat.pickup.minecraft.dye":90,"stat.pickup.minecraft.planks":234,"stat.pickup.sky_orchards.resin_iron":69,"stat.mineBlock.minecraft.gravel":24,"stat.craftItem.tconstruct.seared_tank":2,"stat.useItem.minecraft.stone_pickaxe":321,"stat.useItem.minecraft.stone_sword":194,"stat.mineBlock.sky_orchards.log_bone":41,"stat.pickup.pickletweaks.dye_powder":4,"stat.craftItem.minecraft.oak_stairs":268,"stat.mineBlock.minecraft.dirt":38,"stat.pickup.sky_orchards.acorn_iron":46,"stat.craftItem.sky_orchards.amber_tin":1,"stat.craftItem.tconstruct.channel":6,"stat.pickup.sky_orchards.sapling_iron":37,"stat.mineBlock.sky_orchards.sapling_dirt":3,"stat.craftItem.minecraft.redstone_block":1,"stat.craftItem.minecraft.stone_stairs":72,"stat.pickup.advancementbook.advancement_book":1,"stat.useItem.minecraft.log":15,"stat.useItem.minecraft.cobblestone":55,"stat.craftItem.minecraft.crafting_table":1,"stat.useItem.minecraft.gravel":19,"stat.craftItem.ceramics.clay_bucket":1,"stat.mineBlock.sky_orchards.sapling_clay":1,"stat.pickup.minecraft.log":856,"stat.drop.minecraft.sign":6,"stat.drop.sky_orchards.acorn_gravel":2,"stat.pickup.sky_orchards.resin_gravel":181,"stat.pickup.sky_orchards.acorn_sand":122,"stat.pickup.minecraft.sapling":12,"stat.entityKilledBy.Enderman":1,"stat.pickup.minecraft.apple":3,"stat.craftItem.tconstruct.smeltery_controller":1,"stat.mineBlock.sky_orchards.sapling_gravel":1,"stat.craftItem.minecraft.planks":1716,"stat.killEntity.rogue_android":2,"stat.craftItem.minecraft.dirt":5,"stat.pickup.minecraft.stone_sword":1,"stat.mineBlock.minecraft.log":129,"stat.mineBlock.sky_orchards.log_clay":62,"stat.pickup.rustic.sapling_apple":6,"stat.craftItem.minecraft.paper":3,"stat.useItem.sky_orchards.sapling_coal":3,"stat.pickup.minecraft.red_flower":2,"stat.sneakTime":45738,"stat.mineBlock.sky_orchards.log_cottonwood":54,"stat.useItem.minecraft.wooden_axe":348,"stat.pickup.minecraft.yellow_flower":1,"stat.craftItem.minecraft.cobblestone":38,"stat.useItem.sky_orchards.sapling_dirt":13,"stat.drop.minecraft.wooden_axe":2,"stat.drop.minecraft.stone_pickaxe":2,"stat.pickup.minecraft.bone":25,"stat.craftItem.ceramics.unfired_clay":86,"stat.mineBlock.minecraft.cobblestone":240,"stat.mineBlock.sky_orchards.leaves_gravel":375,"stat.pickup.minecraft.stone_pickaxe":2,"stat.pickup.minecraft.flint":48,"stat.mineBlock.minecraft.yellow_flower":1,"stat.killEntity.Human":18,"stat.craftItem.tconstruct.faucet":1,"stat.pickup.sky_orchards.resin_dirt":241,"stat.craftItem.minecraft.wool":3,"stat.pickup.pickletweaks.coal_piece":9,"stat.craftItem.sky_orchards.amber_iron":11,"stat.swimOneCm":1567,"stat.drop.minecraft.cobblestone":4,"stat.craftItem.inspirations.stone_crook":7,"stat.useItem.sky_orchards.sapling_bone":13,"stat.mineBlock.sky_orchards.leaves_redstone":104,"stat.useItem.minecraft.dirt":83,"stat.useItem.minecraft.stone_slab2":123,"stat.entityKilledBy.ranged_rogue_android":2,"stat.craftItem.minecraft.furnace":1,"stat.craftItem.extendedcrafting.handheld_table":1,"stat.craftItem.minecraft.stone_pickaxe":4,"stat.mineBlock.sky_orchards.leaves_dirt":490,"stat.pickup.minecraft.shears":1,"stat.pickup.minecraft.cobblestone":392,"stat.craftItem.pickletweaks.coal_piece":8,"stat.useItem.minecraft.stone_shovel":55,"stat.flyOneCm":909168,"stat.mineBlock.sky_orchards.leaves_coal":2,"stat.pickup.sky_orchards.resin_coal":5,"stat.craftItem.minecraft.wooden_slab":1626,"stat.pickup.sky_orchards.sapling_petrified":70,"stat.mineBlock.morecauldrons.cobble_cauldron":4,"stat.craftItem.minecraft.book":1,"stat.timeSinceDeath":14913,"stat.mineBlock.sky_orchards.leaves_cottonwood":366,"stat.useItem.minecraft.wooden_slab":4715,"stat.killEntity.ranged_rogue_android":1,"stat.pickup.minecraft.wooden_axe":5,"stat.craftItem.tconstruct.seared":10,"stat.pickup.tconstruct.soil":36,"stat.drop.minecraft.dirt":1,"stat.useItem.sky_orchards.sapling_clay":11,"stat.killEntity.Creeper":2,"stat.pickup.minecraft.wooden_sword":2,"stat.craftItem.tconstruct.soil":64,"stat.pickup.minecraft.string":32,"stat.mineBlock.rustic.sapling_apple":1,"stat.mineBlock.sky_orchards.leaves_clay":237,"stat.entityKilledBy.Skeleton":4,"stat.pickup.sky_orchards.sapling_cottonwood":78,"stat.craftItem.minecraft.stone_slab2":0,"stat.craftItem.tconstruct.stone_stick":8,"stat.useItem.sky_orchards.sapling_petrified":19,"stat.sprintOneCm":830767,"stat.craftItem.minecraft.wooden_axe":7,"stat.craftItem.minecraft.stick":108,"stat.useItem.carryon.tile_item":38,"stat.mineBlock.sky_orchards.leaves_petrified":148,"stat.pickup.minecraft.grass":36,"stat.pickup.sky_orchards.leaves_gravel":2,"stat.pickup.inspirations.wooden_crook":2,"stat.craftItem.minecraft.clay_ball":28,"stat.mineBlock.minecraft.planks":114,"stat.drop":33,"stat.mineBlock.rustic.leaves_apple":9,"stat.drop.tombstone.grave_key":3,"stat.pickup.tombstone.grave_key":3,"stat.useItem.tconstruct.seared":9,"stat.killEntity.Zombie":15,"stat.craftItem.minecraft.dye":1,"stat.craftItem.minecraft.clay":3,"stat.diveOneCm":594,"stat.useItem.inspirations.stone_crook":1560,"stat.pickup.sky_orchards.acorn_cottonwood":68,"stat.drop.minecraft.stone_stairs":1,"stat.mineBlock.sky_orchards.leaves_bone":79,"stat.pickup.minecraft.gravel":25,"stat.pickup.minecraft.stone_axe":7,"stat.pickup.morecauldrons.cobble_cauldron":5,"stat.useItem.minecraft.apple":1,"stat.craftItem.sky_orchards.sapling_coal":1,"stat.pickup.sky_orchards.resin_clay":94,"stat.pickup.minecraft.brick":1,"stat.jump":4607,"stat.pickup.sky_orchards.acorn_tin":4,"stat.pickup.minecraft.fence":2,"stat.useItem.sky_orchards.sapling_redstone":2,"stat.pickup.minecraft.iron_ingot":16,"stat.pickup.tconstruct.seared_tank":6,"stat.pickup.sky_orchards.sapling_redstone":13,"stat.craftItem.minecraft.lever":1,"stat.useItem.minecraft.stone_axe":917,"stat.drop.minecraft.wooden_sword":1,"stat.pickup.minecraft.gunpowder":2,"stat.pickup.minecraft.spider_eye":4,"stat.mineBlock.sky_orchards.log_sand":100,"stat.pickup.minecraft.dirt":58,"stat.useItem.sky_orchards.sapling_tin":1,"stat.craftItem.tconstruct.book":1,"stat.pickup.minecraft.stone_shovel":1,"stat.pickup.sky_orchards.resin_bone":105,"stat.useItem.minecraft.sapling":4,"stat.craftItem.tcomplement.melter":4,"stat.craftItem.minecraft.flint_and_steel":1,"stat.mineBlock.minecraft.stone_stairs":60,"stat.damageTaken":13207,"stat.mineBlock.minecraft.red_flower":2,"stat.mineBlock.minecraft.torch":1,"stat.pickup.minecraft.log2":8,"stat.pickup.mysticalagriculture.crafting":5,"stat.entityKilledBy.ZombieVillager":1,"stat.mineBlock.sky_orchards.log_redstone":15,"stat.pickup.minecraft.oak_stairs":65,"stat.pickup.minecraft.diamond_axe":1,"stat.pickup.sky_orchards.sapling_clay":51,"stat.pickup.statues.blockplayerstatue":6,"stat.damageDealt":15203,"stat.craftItem.minecraft.glass":3,"stat.sleepInBed":15,"stat.pickup.tconstruct.stone_stick":4,"stat.mineBlock.sky_orchards.log_iron":46,"stat.craftItem.minecraft.gravel":15,"stat.pickup.sky_orchards.acorn_bone":69,"stat.craftItem.minecraft.stone_shovel":1,"stat.walkOneCm":2063863,"stat.useItem.slabmachines.chest_slab":1,"stat.pickup.ceramics.clay_bucket":1,"stat.playerKills":10,"stat.useItem.minecraft.chest":1,"stat.craftItem.tconstruct.smeltery_io":1,"stat.pickup.minecraft.stick":4,"stat.pickup.tcomplement.melter":4,"stat.pickup.sky_orchards.sapling_bone":29,"stat.craftItem.inspirations.wooden_crook":7,"stat.pickup.sky_orchards.acorn_clay":59,"stat.pickup.rustic.apple_seeds":1,"stat.useItem.minecraft.lava_bucket":1,"stat.craftItem.slabmachines.chest_slab":2,"stat.mineBlock.sky_orchards.log_gravel":104,"stat.drop.inspirations.wooden_crook":1,"stat.pickup.sky_orchards.acorn_gravel":127,"stat.pickup.sky_orchards.sapling_gravel":78,"stat.pickup.sky_orchards.sapling_silver":1,"stat.killEntity.Skeleton":7,"stat.entityKilledBy.rogue_android":4,"stat.killEntity.Spider":10,"stat.mobKills":63,"stat.pickup.slabmachines.chest_slab":3,"stat.craftItem.minecraft.shears":1,"stat.mineBlock.minecraft.leaves":46,"stat.pickup.minecraft.torch":2,"stat.mineBlock.tconstruct.seared":1,"stat.drop.minecraft.stone_axe":4,"stat.pickup.chineseworkshop.thin_wall_w":4,"stat.craftItem.tcomplement.materials":2,"stat.drop.minecraft.shears":1,"stat.mineBlock.sky_orchards.log_petrified":154}