{
	"display": {
		"icon": {
			"item": "minecraft:carrot_on_a_stick",
			"nbt": "{CustomModelData:300060}"
		},
		"title": {
			"text": "Painting Blocks"
		},
		"description": {
			"text": "Rename a stick \"Paintbrush\" in an Anvil"
		},
    "frame": "task",
    "show_toast": false,
    "announce_to_chat": false,
    "hidden": false,
    "background": "minecraft:textures/block/paint_blocks/ebony_planks.png"
	},
  "criteria": {
    "has_item": {
      "trigger": "minecraft:inventory_changed",
      "conditions": {
        "items": [
          {
            "item": "minecraft:carrot_on_a_stick",
						"nbt": "{CustomModelData:300060}"
          }
        ]
      }
    }
  },
	"requirements": [
		[
			"has_item"
		]
	]
}